文件名,索引号,主题分类,发文机关,成文日期,发布日期,发文字号,标题,来源,公文种类,内容
中共中央 国务院关于优化生育政策促进人口长期均衡发展的决定.docx,,,,,2021-07-20,,,新华社,,中共中央 国务院关于优化生育政策促进人口长期均衡发展的决定 来源：新华社 2021-07-20 19:21:07 新华社北京7月20日电 中共中央 国务院 关于优化生育政策 促进人口长期均衡发展的决定 （2021年6月26日） 人口发展是关系中华民族发展的大事情。为贯彻落实党的十九大和十九届二中、三中、四中、五中全会精神，促进人口长期均衡发展，现就优化生育政策，实施一对夫妻可以生育三个子女政策，并取消社会抚养费等制约措施、清理和废止相关处罚规定，配套实施积极生育支持措施（以下简称实施三孩生育政策及配套支持措施），作出如下决定。 一、充分认识优化生育政策、促进人口长期均衡发展的重大意义 党和国家始终坚持人口与发展综合决策，科学把握人口发展规律，坚持计划生育基本国策，有力促进了经济发展和社会进步，为全面建成小康社会奠定了坚实基础。党的十八大以来，党中央高度重视人口问题，根据我国人口发展变化形势，作出逐步调整完善生育政策、促进人口长期均衡发展的重大决策，各项工作取得显著成效。当前，进一步适应人口形势新变化和推动高质量发展新要求，实施三孩生育政策及配套支持措施，具有重大意义。 （一）有利于改善人口结构，落实积极应对人口老龄化国家战略。老龄化是全球性人口发展大趋势，也是我国发展面临的重大挑战。预计“十四五”期间我国人口将进入中度老龄化阶段，2035年前后进入重度老龄化阶段，将对经济运行全领域、社会建设各环节、社会文化多方面产生深远影响。实施三孩生育政策及配套支持措施，有利于释放生育潜能，减缓人口老龄化进程，促进代际和谐，增强社会整体活力。 （二）有利于保持人力资源禀赋优势，应对世界百年未有之大变局。人口是社会发展的主体，也是影响经济可持续发展的关键变量。实施三孩生育政策及配套支持措施，有利于未来保持适度人口总量和劳动力规模，更好发挥人口因素的基础性、全局性、战略性作用，为高质量发展提供有效人力资本支撑和内需支撑。 （三）有利于平缓总和生育率下降趋势，推动实现适度生育水平。群众生育观念已总体转向少生优育，经济负担、子女照料、女性对职业发展的担忧等成为制约生育的主要因素。实施三孩生育政策及配套支持措施，促进生育政策与相关经济社会政策同向发力，有利于满足更多家庭的生育意愿，有利于提振生育水平。 （四）有利于巩固全面建成小康社会成果，促进人与自然和谐共生。今后一个时期，我国人口众多的基本国情不会改变，人口与资源环境承载力仍然处于紧平衡状态，脱贫地区以及一些生态脆弱、资源匮乏地区人口与发展矛盾仍然比较突出。实施三孩生育政策及配套支持措施，有利于进一步巩固脱贫攻坚和全面建成小康社会成果，引导人口区域合理分布，促进人口与经济、社会、资源、环境协调可持续发展。 二、指导思想、主要原则和目标 （五）指导思想。坚持以习近平新时代中国特色社会主义思想为指导，立足新发展阶段、贯彻新发展理念、构建新发展格局，实施积极应对人口老龄化国家战略，实施三孩生育政策及配套支持措施，改革服务管理制度，提升家庭发展能力，推动实现适度生育水平，促进人口长期均衡发展，为建设富强民主文明和谐美丽的社会主义现代化强国、实现中华民族伟大复兴的中国梦提供坚实基础和持久动力。 （六）主要原则 ——以人民为中心。顺应人民群众期盼，积极稳妥推进优化生育政策，促进生育政策协调公平，满足群众多元化的生育需求，将婚嫁、生育、养育、教育一体考虑，切实解决群众后顾之忧，释放生育潜能，促进家庭和谐幸福。 ——以均衡为主线。把促进人口长期均衡发展摆在全党全国工作大局、现代化建设全局中谋划部署，兼顾多重政策目标，统筹考虑人口数量、素质、结构、分布等问题，促进人口与经济、社会、资源、环境协调可持续发展，促进人的全面发展。 ——以改革为动力。着眼于我国人口发展面临的突出矛盾和问题，着眼于现代化建设战略安排，深化改革，破除影响人口长期均衡发展的思想观念、政策法规、体制机制等制约因素，提高人口治理能力和水平。 ——以法治为保障。坚持重大改革于法有据、依法实施，将长期以来党领导人民在统筹解决人口问题方面的创新理念、改革成果、实践经验转化为法律，保障人民群众合法权益，保障新时代人口工作行稳致远，保障人口发展战略目标顺利实现。 （七）主要目标 到2025年，积极生育支持政策体系基本建立，服务管理制度基本完备，优生优育服务水平明显提高，普惠托育服务体系加快建设，生育、养育、教育成本显著降低，生育水平适当提高，出生人口性别比趋于正常，人口结构逐步优化，人口素质进一步提升。 到2035年，促进人口长期均衡发展的政策法规体系更加完善，服务管理机制运转高效，生育水平更加适度，人口结构进一步改善。优生优育、幼有所育服务水平与人民群众对美好生活的需要相适应，家庭发展能力明显提高，人的全面发展取得更为明显的实质性进展。 三、组织实施好三孩生育政策 （八）依法实施三孩生育政策。修改《中华人民共和国人口与计划生育法》，提倡适龄婚育、优生优育，实施三孩生育政策。各省（自治区、直辖市）综合考虑本地区人口发展形势、工作基础和政策实施风险，做好政策衔接，依法组织实施。 （九）取消社会抚养费等制约措施。取消社会抚养费，清理和废止相关处罚规定。将入户、入学、入职等与个人生育情况全面脱钩。依法依规妥善处理历史遗留问题。对人口发展与经济、社会、资源、环境矛盾较为突出的地区，加强宣传倡导，促进相关惠民政策与生育政策有效衔接，精准做好各项管理服务。 （十）建立健全人口服务体系。以“一老一小”为重点，建立健全覆盖全生命周期的人口服务体系。加强基层服务管理体系和能力建设，增强抚幼养老功能。落实生育登记制度，做好生育咨询指导。推进出生医学证明、儿童预防接种、户口登记、医保参保、社保卡申领等“出生一件事”联办。 （十一）加强人口监测和形势研判。完善国家生命登记管理制度，健全覆盖全人群、全生命周期的人口监测体系，密切监测生育形势和人口变动趋势。依托国家人口基础信息库等平台，实现教育、公安、民政、卫生健康、医保、社保等人口服务基础信息融合共享、动态更新。建立人口长期均衡发展指标体系，健全人口预测预警制度。 四、提高优生优育服务水平 （十二）保障孕产妇和儿童健康。全面落实妊娠风险筛查与评估、高危孕产妇专案管理、危急重症救治、孕产妇死亡个案报告和约谈通报等母婴安全五项制度。实施妇幼健康保障工程，加快推进各级妇幼保健机构标准化建设和规范化管理，加强危重孕产妇、新生儿救治能力及儿科建设，夯实县乡村三级基层网络，加快补齐生育相关公共服务短板。促进生殖健康服务融入妇女健康管理全过程。加强儿童保健门诊标准化、规范化建设，加强对儿童青少年近视、营养不均衡、龋齿等风险因素和疾病的筛查、诊断、干预。做好儿童基本医疗保障工作。 （十三）综合防治出生缺陷。健全出生缺陷防治网络，落实三级预防措施。加强相关知识普及和出生缺陷防控咨询，强化婚前保健，推进孕前优生健康检查，加强产前筛查和诊断，推动围孕期、产前产后一体化管理服务和多学科协作。扩大新生儿疾病筛查病种范围，促进早筛早诊早治。做好出生缺陷患儿基本医疗和康复救助工作。 （十四）规范人类辅助生殖技术应用。强化规划引领，严格技术审批，建设供需平衡、布局合理的人类辅助生殖技术服务体系。加强人类辅助生殖技术服务监管，严格规范相关技术应用。开展孕育能力提升专项攻关，规范不孕不育诊治服务。 五、发展普惠托育服务体系 （十五）建立健全支持政策和标准规范体系。将婴幼儿照护服务纳入经济社会发展规划，强化政策引导，通过完善土地、住房、财政、金融、人才等支持政策，引导社会力量积极参与。以市地级行政区为单位制定整体解决方案，建立工作机制，推进托育服务健康发展。加大专业人才培养力度，依法逐步实行从业人员职业资格准入制度。发展智慧托育等新业态，培育托育服务、乳粉奶业、动画设计和制作等行业民族品牌。 （十六）大力发展多种形式的普惠服务。发挥中央预算内投资的引导和撬动作用，推动建设一批方便可及、价格可接受、质量有保障的托育服务机构。支持有条件的用人单位为职工提供托育服务。鼓励国有企业等主体积极参与各级政府推动的普惠托育服务体系建设。加强社区托育服务设施建设，完善居住社区婴幼儿活动场所和服务设施。制定家庭托育点管理办法。支持隔代照料、家庭互助等照护模式。支持家政企业扩大育儿服务。鼓励和支持有条件的幼儿园招收2至3岁幼儿。 （十七）加强综合监管。各类机构开展婴幼儿照护服务必须符合国家和地方相关标准和规范，并对婴幼儿安全和健康负主体责任。地方政府要承担监管责任，建立健全登记备案制度、信息公示制度、评估制度，加强动态管理，建立机构关停等特殊情况应急处置机制。 六、降低生育、养育、教育成本 （十八）完善生育休假与生育保险制度。严格落实产假、哺乳假等制度。支持有条件的地方开展父母育儿假试点，健全假期用工成本分担机制。继续做好生育保险对参保女职工生育医疗费用、生育津贴待遇等的保障，做好城乡居民医保参保人生育医疗费用保障，减轻生育医疗费用负担。 （十九）加强税收、住房等支持政策。结合下一步修改个人所得税法，研究推动将3岁以下婴幼儿照护费用纳入个人所得税专项附加扣除。地方政府在配租公租房时，对符合当地住房保障条件且有未成年子女的家庭，可根据未成年子女数量在户型选择等方面给予适当照顾。地方政府可以研究制定根据养育未成年子女负担情况实施差异化租赁和购买房屋的优惠政策。 （二十）推进教育公平与优质教育资源供给。推进城镇小区配套幼儿园治理，持续提升普惠性幼儿园覆盖率，适当延长在园时长或提供托管服务。推进义务教育优质均衡发展和城乡一体化，有效解决“择校热”难题。依托学校教育资源，以公益普惠为原则，全面开展课后文体活动、社会实践项目和托管服务，推动放学时间与父母下班时间衔接。改进校内教学质量和教育评价，将学生参加课外培训频次、费用等情况纳入教育督导体系。平衡家庭和学校教育负担，严格规范校外培训。 （二十一）保障女性就业合法权益。规范机关、企事业等用人单位招录、招聘行为，促进妇女平等就业。落实好《女职工劳动保护特别规定》，定期开展女职工生育权益保障专项督查。为因生育中断就业的女性提供再就业培训公共服务。将生育友好作为用人单位承担社会责任的重要方面，鼓励用人单位制定有利于职工平衡工作和家庭关系的措施，依法协商确定有利于照顾婴幼儿的灵活休假和弹性工作方式。适时对现行有关休假和工作时间的政策规定进行相应修改完善。 七、加强政策调整有序衔接 （二十二）维护好计划生育家庭合法权益。对全面两孩政策调整前的独生子女家庭和农村计划生育双女家庭，继续实行现行各项奖励扶助制度和优惠政策。探索设立独生子女父母护理假制度。加强立法，保障响应党和国家号召、实行计划生育家庭的合法权益。 （二十三）建立健全计划生育特殊家庭全方位帮扶保障制度。根据经济社会发展水平等因素，实行特别扶助制度扶助标准动态调整。对符合条件的计划生育特殊家庭成员，落实基本养老、基本医疗保障相关政策；优先安排入住公办养老机构，提供无偿或低收费托养服务；对住房困难的，优先纳入住房保障。有条件的地方可对计划生育特殊家庭成员中的生活长期不能自理、经济困难的老年人发放护理补贴。落实好扶助所需资金，有条件的地方可探索建立公益金或基金，重点用于帮扶计划生育特殊家庭。 （二十四）建立健全政府主导、社会组织参与的扶助关怀工作机制。通过公开招投标方式，支持有资质的社会组织接受计划生育特殊家庭委托，开展生活照料、精神慰藉等服务，依法代办入住养老机构、就医陪护等事务。深入开展“暖心行动”。建立定期巡访制度，落实计划生育特殊家庭“双岗”联系人制度，扎牢织密帮扶安全网。 八、强化组织实施保障 （二十五）加强党的领导。各级党委和政府要提高政治站位，增强国情、国策意识，坚持一把手亲自抓、负总责，坚持和完善目标管理责任制，加强统筹规划、政策协调和工作落实，推动出台积极生育支持措施，确保责任到位、措施到位、投入到位、落实到位。 （二十六）动员社会力量。加强政府和社会协同治理，充分发挥工会、共青团、妇联等群团组织在促进人口发展、家庭建设、生育支持等方面的重要作用。积极发挥计划生育协会作用，加强基层能力建设，做好宣传教育、生殖健康咨询服务、优生优育指导、计划生育家庭帮扶、权益维护、家庭健康促进等工作。鼓励社会组织开展健康知识普及、婴幼儿照护服务等公益活动。以满足老年人生活需求和营造婴幼儿健康成长环境为导向，开展活力发展城市创建活动。 （二十七）深化战略研究。面向建设社会主义现代化强国和实现中华民族伟大复兴，持续深化国家人口中长期发展战略和区域人口发展规划研究，完善人口空间布局，优化人力资源配置。加强新时代中国特色人口学科和理论体系建设，发展人口研究高端智库，促进国际交流合作。 （二十八）做好宣传引导。加强政策宣传解读，把各地区各部门和全社会的思想行动统一到党中央重大决策部署上来，引导社会各界正确认识人口的结构性变化，弘扬主旋律、汇聚正能量，及时妥善回应社会关切，营造良好氛围。弘扬中华民族传统美德，尊重生育的社会价值，提倡适龄婚育、优生优育，鼓励夫妻共担育儿责任，破除高价彩礼等陈规陋习，构建新型婚育文化。 （二十九）加强工作督导。各省（自治区、直辖市）要按照本决定要求，制定实施方案，狠抓任务落实，及时研究解决苗头性、倾向性问题，确保优化生育政策取得积极成效。各省（自治区、直辖市）党委和政府每年要向党中央、国务院报告本地区人口工作情况，中央将适时开展督查。
中央军委主席习近平签署命令发布《军队实施〈中华人民共和国人口与计划生育法〉办法》.docx,,,,,2023-09-07,,,新华网,,中央军委主席习近平签署命令发布《军队实施〈中华人民共和国人口与计划生育法〉办法》 来源：新华网 2023-09-07 19:36:43 新华社北京9月7日电 中央军委主席习近平日前签署命令，发布《军队实施〈中华人民共和国人口与计划生育法〉办法》，自2023年9月10日起施行。 《办法》全面落实《中华人民共和国人口与计划生育法》，聚焦提升部队凝聚力战斗力，围绕军队人员家庭婚、孕、产、育、教等现实需求，坚持体系设计、突出技术服务、注重支持扶助，规范和加强计划生育、优生优育服务保障，构建全生育链条技术服务支持体系，保障实行计划生育军队人员合法权益，促进军队人员家庭幸福。 《办法》共33条，对生育调节、生育奖励扶助、生育服务等作出规范，提倡军队人员适龄婚育、优生优育，一对夫妻可以生育3个子女；新增育儿假、独生子女父母护理假等假期，完善保育教育、托幼服务等配套措施；健全咨询指导、保健服务、技术服务等举措。
以系统观念统筹谋划人口问题.docx,,,,,2023-11-15,,,《红旗文稿》2023/21,,以系统观念统筹谋划人口问题 来源：《红旗文稿》2023/21 作者：李 璐 2023-11-15 09:46:36 人口发展是关系中华民族伟大复兴的大事，必须着力提高人口整体素质，以人口高质量发展支撑中国式现代化。二十届中央财经委员会第一次会议提出，要以系统观念统筹谋划人口问题，以改革创新推动人口高质量发展，把人口高质量发展同人民高品质生活紧密结合起来，促进人的全面发展和全体人民共同富裕。这是以习近平同志为核心的党中央坚持系统观念，从人口发展周期规律出发，从民族国家和人民群众利益出发，从中国式现代化的目标要求出发，统筹谋划人口与发展、国内与国际、当前与长远几个大局，对我国人口战略的前瞻性布局和整体性推进。这一重要论述为完善新时代人口发展战略，以人口高质量发展支撑中国式现代化提供了重要的方法指导和根本遵循。 坚持党的领导，促进人口发展战略始终服务于国家经济社会发展。为中国人民谋幸福、为中华民族谋复兴是中国共产党的初心使命。改革开放初期，由于经济社会发展程度较低，人口与经济、资源环境关系紧张，我国实施了以控制人口过快增长为导向的生育政策，总量规模是人口政策的重要关注点。进入新发展阶段，在全球范围内总和生育率下降的形势下，党和国家审时度势，统筹人口与发展，对人口政策进行重大优化调整。从2013年启动实施“单独二孩”政策，2015年开始实施“全面两孩”政策，2021年实施“三孩”生育政策，再到2023年提出人口高质量发展，人口政策不断根据人口发展形势进行优化完善，逐渐由关注总量规模向关注质量结构调整，充分体现出在党的领导下我国人口发展战略始终以促进人口长期均衡和高质量发展为目标，始终服务于国家经济社会发展的原则定位。当前，我国正处在实现中华民族伟大复兴的关键时期，应着力发挥人口高质量发展对我国中长期发展目标的支撑作用，准确把握人口发展趋势，动态优化相关政策举措，推动人口发展战略始终服务国家战略，发挥人民群众的主动性和创新性，促进个体和家庭健康发展，使中华民族以更加昂扬的姿态屹立于世界民族之林。 顺应长期规律，多举措统筹实现人口高质量发展。人口高质量发展体现了我国人口周期规律发展的客观要求。人口变化具有长周期、慢变量、深影响的特点。当前，我国16—59岁劳动年龄人口总量世界第一，在未来一段时期仍将远超世界其他主要经济体。人口红利是改革开放40多年来我国经济社会发展的重要支撑，人口总量优势也将持续伴随现代化进程。伴随着经济发展、科技进步和生活改善，我国具有将人口红利转变为人才红利、由人口资源大国转变为人力资本强国的优势，并有望在全球新一轮科技革命和产业革命中，探索出以人口高质量发展支撑中国式现代化的特色路径。我们要顺应长期规律，立足当前谋划，多举措统筹实现人口高质量发展。一是保持适度生育水平和人口规模。健全家庭支持政策体系，建设生育友好型社会，稳定并适度提升生育率，保持合理人口规模。二是深入挖掘人口结构新红利。引导青年群体树立合理就业目标，加强大龄人力资源开发利用，稳定和提高重点群体的劳动参与率，增强老年人在公益服务、社会治理等领域的社会参与，提高人力资源的整体利用效率。三是持续提高人口质量素质。全面推进健康中国战略，开展国民文明素养提升行动，深入实施科教兴国战略、人才强国战略、创新驱动发展战略，不断开辟发展新领域新赛道，塑造发展新动能新优势。 回应主要矛盾，以高品质服务推动人口高质量发展。人口高质量发展体现了人民群众追求美好幸福生活的根本利益。进入新时代，我国社会主要矛盾已经转化为人民日益增长的美好生活需要和不平衡不充分的发展之间的矛盾。不断解决发展不平衡不充分问题，不断实现人民群众对美好生活的向往，是中国式现代化进程中需要重点解决的主要矛盾和矛盾的主要方面。人口高质量发展既是需求动力又是供给保障，为解决这一矛盾提供了系统方案。一方面，人民群众的高品质生活需求是推动经济社会发展的源动力，是解决发展不平衡不充分问题的重要驱动因素；另一方面，人民群众的劳动参与和创新活力是高品质服务的供给保障，不断满足人作为生产者和消费者对就业、收入以及各项服务的需求，才能真正实现人的全面发展。我们要回应主要矛盾、满足人民需求，以高品质服务推动人口高质量发展。一是践行以人民为中心的发展思想，坚持需求导向和问题导向，着力提升居民就业收入水平。坚持就业优先，推动实现更加充分更高质量就业，提高劳动报酬在初次分配中的比重，实现居民收入和劳动报酬的“两个基本同步”。二是统筹人口结构和需求结构变化，健全完善公共服务体系，发展多层次多样化生活服务，优化服务资源布局，推进服务供给创新，加强服务要素支撑，不断促进人的全面发展和全体人民共同富裕。 遵循本质要求，实现人口高质量发展的中国式现代化。人口高质量发展体现了中国式现代化的本质要求。我国14亿多人口整体迈进现代化社会，规模超过现有发达国家人口的总和，艰巨性和复杂性前所未有。中国式现代化的本质要求是：坚持中国共产党的领导，坚持中国特色社会主义，实现高质量发展，发展全过程人民民主，丰富人民精神世界，实现全体人民共同富裕，促进人与自然和谐共生，推动构建人类命运共同体，创造人类文明新形态。人民群众是中国式现代化的承载主体，追求更高素质、更好共享、更为和谐的人口高质量发展与中国式现代化的本质要求高度一致。统筹谋划人口问题，遵循本质要求，促进协调统一，首先要推动人口整体实现高质量发展。营造良好文化环境和社会氛围，促进人的身心、人与经济、人与社会、人与自然的协调统一，促进各区域人口、全年龄人群、全生命周期、全方位能力的和谐发展，推动人口整体迈入高质量发展水平，持续支撑中国式现代化。在总体国家安全观指导下，统筹人口与经济社会、粮食能源、生态环境的关系，提高人口国际竞争力，维护人口总量和布局安全，确保中国式现代化行稳致远。 （作者：中国宏观经济研究院社会发展研究所研究员） 责任编辑：张少义
优化生育：具有深远意义的新提法.docx,,,,,,,,北京日报,,优化生育：具有深远意义的新提法 2019年11月18日 10:40:38 来源： 北京日报　作者： 穆光宗 十九届四中全会审议通过的《决定》提出，“优化生育政策，提高人口质量”。“优化生育”这一新提法具有重大而深远的意义，意味着计划生育和人口控制的旧时代即将落幕，优化生育和人口优化的新时代即将开启。 优化生育的内涵至少包含了生育决策的优化、生育过程的优化和生育结果的优化。为此，需要相互融合、相得益彰、系统完整的政策支持和制度保障。 首先是生育决策的优化。就人口与国家的关系而言，人口是社会生活的主体，是社会生存的基础，是社会发展的动力。中国世无其匹的迅疾人口转变的经验和教训表明，低生育目标的实现，丝毫不意味着人口问题的终结，相反倒是如影随形地伴随着人口问题的转型，这就是以低生育为源头和核心的新人口问题的产生。事实上，从1990年代初开始，我国人口就慢慢滑入负能量十分隐蔽的低生育陷阱。在社会各界对低生育逐渐达成共识的今天，严格的生育控制政策显然已完全不合时宜，而是应该结合新的情势迅速实现生育的优化。 生育决策的优化包括：其一，恢复生育决策的本来面目和基本逻辑。生育具有双重属性，即工具性（如养儿防老、传宗接代）和人文性（如天伦之乐、人类偏好），我们既要重视生育之用，也要重视生育之好。将生育决策权回归人民和家庭，就是尊重了生育的基本规律，即生育的主体性、自主性和分散性。因此，我认为，现行生育政策完善的方向是，从国家决策、代理决策和集中决策转向家庭决策、自主决策和分散决策。具体来说，路线图是先取消生育的限制，紧跟着就是适时从惩罚多生转向鼓励多生，政府拿出真金白银以降低家庭难以负担的生育成本，以改良我国生育率持续低迷的状况。可以预期，取消生育的行政限制，将完整的自主生育权利交给人民，让生育决策回归常态和家庭计划的本义，国家和政府主动承担起促进性与生殖健康、生育服务和社会保障的责任和义务，是优化生育政策的核心取向。 其二，生育不等于生殖，生育归根到底是关乎人类自身生存与发展的理性社会行为，在低生育时代需要强大的政策支持和正确的社会引导。生育决策的优化要与生育条件、生育环境和生育文化的优化和引导相得益彰，才能降低决策的风险，有利于微观生育优化。现实地看，全面二孩政策要真正奏效、充分释放政策红利须有生育服务与保障政策、产假制度、生育津贴制度、入托入学政策等一系列的配套支持。完善生育配套政策、实现家庭生育成本的部分社会化是当下生育优化的侧重点和突破点。构建生育友好、孩子友好、家庭友好的社会经济文化环境，应该是优化生育政策的题中应有之义。 其三，优化生育决策包含了引导和帮助国人科学、理性决策适度生育的含义，即社会要倡导和支持适龄、适时、适量的生育。“适龄”是说理论上存在一个适合优孕优生的年龄区间，譬如从我国女性合法的结婚年龄20岁算起到生殖医学上一般认为的高龄产妇35岁为止，最佳生育年龄大概是25-30岁左右。“适时”是指生育的各项主要条件是否可以满足以及生育间隔是否合适，包括身体条件、时间精力、经济状况以及后续的职业安排和婴儿照顾的人力支持等方方面面的情况，需要综合考量。“适量”是指生育孩子的数量，即生育水平要适当；人口学理论认为，有两个孩子的家庭可称之为“合适之家”，这也是可以维持人口再生产的更替水平生育率。孩子是财富和幸福的源泉，也是希望和未来，有条件的家庭还是应该选择生育两个甚至三个孩子。毋庸讳言，独生子女生育和不生育、零生育（所谓丁克现象）都是一种风险型决策；从风险发生的概率来看，前者的风险是指唯一性（可能遭遇失独、独子伤残和老年空巢的风险），后者的风险是老无所依、老无所养。 其次，生育过程的优化是指从结婚成家到生儿育女的生命历程中要努力确保优婚优孕。这方面政策优化的诉求是提高婚姻质量，包括婚姻的稳定性、抗压性、凝聚力以及和谐度，降低离婚率。保护妇女儿童的权益，加强优孕指导，确保孕妇健康。 再次，生育结果的优化一般是指优生优育，在大生育框架里还包括全生命历程的优成优才。确保母婴健康、生殖健康和出生质量，降低高龄产妇分娩率、出生缺陷发生率，从优生优育到优成优才，关注人口发展的生命全周期、健康全过程，提高每一轮出生人口的成才率，强化生育优化完整的政策和制度保障体系。 （作者为北京大学人口所教授）
全国政协召开“坚持以人口高质量发展支撑中国式现代化”专题协商会 王沪宁出席并讲话.docx,,,,,2024-05-11,,,新华社字号：默认,,全国政协召开“坚持以人口高质量发展支撑中国式现代化”专题协商会 王沪宁出席并讲话 2024-05-11 19:48 来源： 新华社字号：默认 大 超大|打印| 全国政协召开“坚持以人口高质量发展支撑中国式现代化”专题协商会 王沪宁出席并讲话 新华社北京5月11日电 全国政协11日在京召开“坚持以人口高质量发展支撑中国式现代化”专题协商会，中共中央政治局常委、全国政协主席王沪宁出席并讲话。他表示，中共十八大以来，以习近平同志为核心的中共中央站在推进中国式现代化、实现中华民族伟大复兴的战略高度，深刻洞察我国人口发展变化形势，科学把握人口发展规律，因时因势作出逐步调整完善生育政策、促进人口长期均衡发展的战略决策，实现我国人口工作思路和方法历史性转变。我们要深入学习领会习近平总书记关于人口发展的重要论述，把思想和行动统一到中共中央关于促进人口长期均衡发展的决策部署上来，增强做好新时代人口工作的责任感和使命感。 王沪宁表示，人口发展关乎中华民族永续发展。人民政协要围绕以人口高质量发展支撑中国式现代化中的重要问题献计出力。要强化协商议政的理论支撑、调研论证和建言实效，运用马克思主义人口理论，指导分析我国人口发展出现的新趋势、呈现的新特征、面临的新问题，开展深度调查研究，加强对策建议的可行性论证和有效性分析，做到建言建在点子上、资政资在关键处。 近100位全国政协委员参加会议，全国政协人口资源环境委员会负责同志介绍专题调研情况，23位政协委员和专家发言。大家围绕加强党对人口工作的全面领导，统筹人口与经济社会发展，促进养老模式创新，健全生育养育服务，完善家庭学校社会协同育人机制，优化现代职业教育布局，强化支撑产业创新的人才供给，促进人口高质量发展等问题协商建言。 中共中央政治局委员、国务院副总理刘国中出席并讲话。他表示，以习近平同志为核心的党中央高度重视人口问题，因时因势调整优化生育政策及其配套支持措施，为保持适度生育水平和人口规模、促进高质量发展提供了有力支撑。要深入学习贯彻习近平总书记相关重要论述，全面认识、正确看待我国人口发展面临的新形势，立足国情和发展阶段，系统谋划制定人口政策，着力提高生育支持措施的针对性和有效性，降低生育、养育、教育成本。要加快提高人口治理能力和水平，统筹做好“一老一小”服务保障，推动建设生育友好型社会，加快塑造素质优良、总量充裕、结构优化、分布合理的人口高质量发展态势，以人口高质量发展支撑中国式现代化。 中共中央政治局委员、全国政协副主席石泰峰主持上午的会议。全国政协副主席胡春华、沈跃跃、王勇、周强、陈武、王东峰、王光谦、杨震出席会议。中共中央、国务院有关部门和单位负责同志到会听取意见建议，同政协委员协商交流。
全面认识正确看待我国人口发展新形势.docx,,,,,2023-11-28,,,《红旗文稿》2023/22,,全面认识正确看待我国人口发展新形势 来源：《红旗文稿》2023/22 作者：陈 功 2023-11-28 10:20:16 习近平总书记在二十届中央财经委员会第一次会议上强调，以人口高质量发展支撑中国式现代化。人口高质量发展是人口领域深入贯彻新发展理念的重要体现，必须全面认识、正确看待我国人口发展新形势，从辩证、系统和发展视角深刻把握人口高质量发展的战略定位和长远价值，为中国式现代化提供有力支撑。 一 以习近平同志为核心的党中央对人口发展新形势提出了一系列科学论断，对人口工作作出重要战略部署。科学认识中国人口发展新形势，必须坚持以习近平新时代中国特色社会主义思想为根本遵循，深入学习贯彻习近平总书记关于人口工作的重要论述精神。 坚持以人民为中心的发展思想，准确把握当前人口发展的突出矛盾和趋势规律。习近平总书记指出，我国既面临人口众多的压力，又面临人口结构转变带来的挑战。对人口发展新常态的认识要以人的全面发展和共同富裕为目标，牢牢抓住满足人民日益增长的美好生活需要这一出发点开展人口工作，顺应人民群众期盼，满足人民群众多元化需求。 充分认识人口是国家发展的基础性、全局性、长期性和战略性要素。习近平总书记强调，人口问题始终是我国面临的全局性、长期性、战略性问题。人口是社会发展的主体，人口要素变动对经济运行全领域、社会建设各环节和社会文化多方面都产生深远影响，人口问题也是推动改革、谋划发展、改善民生的重要出发点。 从发展视角综合把握物质资料生产和人类自身生产的相互适应关系。在新时代我国科技革命和产业变革形势下，人的再生产地位越来越突出，社会生产的实现越来越依赖于从事生产活动的人所拥有的素质条件。科学认识中国人口发展新形势，必须综合把握人口发展和经济建设二者关系，经济建设是中心，从中国式现代化发展过程中系统推进人口高质量发展和经济高质量发展相适应，提升整体素质、充实现代化人力资源、提高人口和资源环境配置效率，以释放社会全要素生产力潜力，支撑实现社会主义现代化建设目标。 坚持系统观念，全局推进、整体统筹谋划人口问题。将人口发展纳入现代化建设两个阶段战略安排中统筹考虑，从总体和区域、当前和长远角度正确认识人口长期均衡与高质量发展的阶段性和战略性目标，高效协同人口治理和其他国家治理现代化建设任务，最大限度发挥人口因素的能动作用。创新人口工作格局，加强党的全面领导，各部门协同配合、全社会共同参与，形成人口工作合力。 二 中国人口发展向人口高质量发展阶段迈进，既符合人口发展的基本规律，也具有自身的鲜明特征。 当前我国人口发展呈现少子化、老龄化、区域人口增减分化的趋势性特征，是经济社会发展作用于人口转变规律的必然结果，也是全球人口发展的普遍现象。第一，人口总量达峰、人口增长放缓。中国大陆地区人口在2022年进入负增长，全球人口增速也在放缓。第二，少子化、老龄化的结构矛盾凸显。我国少子老龄化现象成为新的常态，生育水平持续走低，全球老龄化程度也逐渐加深。第三，区域人口增减分化。由于地区发展水平差异，世界人口增长和结构分布极不平衡。区域差异大、发展不平衡也是我国基本国情，区域人口增减主要受自然增长和机械增长共同作用，一方面人口结构老化带来的死亡人口数量迅速上升的自然增长问题凸显，另一方面人口流动带来的机械增长对区域人口增减的作用更加深刻。 我国人口规模巨大、发展速度快、文化驱动作用凸显等鲜明特征，是中国历史条件、经济社会发展阶段和传统文化等因素共同作用的结果，为现代化发展带来挑战和机遇。第一，人口规模巨大始终是我国基本国情和首要特征。从历史和发展双重视角看，中国一直是世界人口大国，庞大的人口体量给中国式现代化提供了充裕的人力资源势能，也使任务实现艰巨性和复杂性前所未有。第二，人口快速转变叠加社会快速转型。一方面，人口素质水平显著提升，另一方面，社会流动更加活跃。同时伴随我国社会快速转型，叠加人口惯性和区域差异影响，低生育率、老龄化现象和经济社会发展速度不平衡的矛盾在较长一段时期内较为突出。第三，面对低生育率后的人口转变新特征，受到“家本位”、“集体主义”、“家国情怀”等优秀传统文化因素作用，中国第二次人口转变显著与西方国家不同，婚育、家庭和两性关系更受到社会文化因素的影响，提供了人口可持续的文化土壤。 三 贯彻新发展理念和系统观念，要牢牢抓住人口高质量发展和经济社会高质量发展相适应关系，谋划人口高质量发展的新格局。 整体素质提升是人口高质量发展的核心引擎。教育、科技、人才是全面建设社会主义现代化国家的基础性、战略性支撑，其中教育是基础，科技是关键，人才是根本。人口高质量发展战略重心在以改革创新解放和发展生产力，要以系统观念为指引，将教育优先发展、科技自立自强、人才引领驱动三者统筹考虑和谋划。一是将教育强国建设作为人口高质量发展的战略工程，全面提高人口思想道德、科学文化、健康素质。要以弘扬社会主义核心价值观为核心提升公民思想道德素质，建设中华民族现代文明，为高质量发展和中国式现代化建设凝心聚力。健康是人民幸福美好生活重要指标，人口高质量发展要树立全人口、全生命周期的健康观念以及持续提升健康预期寿命，健全完善与人口发展相适应的全生命周期健康服务体系。全人口受教育水平的提升对劳动力素质提升起着关键作用，加快建设中国特色社会主义教育强国是人口高质量发展的应有之义，要建立与产业需求相适应的教育体系，统筹推进职业教育与普通教育协调发展，提高人力资源的利用效率。二是强化战略科技力量支撑人口转型。当前我国人口结构发生较快转变，人口数量红利依然存在，同时需要依靠科技进步不断挖掘人口质量红利。以人工智能为代表的科技革命将极大扩展人类认识和改造世界的边界和方式，为人口自身发展和人口资源环境关系带来持续性影响。科技创新推动技术进步和生产力水平提高，带动产业升级转型，将为积极应对人口老龄化、引导人口合理空间分布等带来推动作用，同时也为改善人口资源环境紧平衡产生正向积极影响。在教育强国提升人口素质，科技进步培养造就拔尖创新人才基础上，不断提高人口的凝聚力、基础力、胜任力和生产力，推动人口大国向现代化人力资源强国转变。 人口长期均衡发展是人口高质量发展的基本目标。人口内部要素之间的均衡发展是人口实现高质量发展的前提和基础。一是要保持适度生育水平和人口规模，释放人口总量势能。目前我国仍然是世界上人口最多的国家之一，人口红利加快向人才红利转变，具备超大规模市场优势，要稳定现有生育水平并建立健全生育支持政策体系，围绕稳定数量提升质量释放人口势能。二是构建代际和谐的友善社会，改善人口年龄结构。少子老龄化背景下养老、育儿中的教育、医疗、住房改善投入成为中国家庭的三大主要经济负担，对公民储蓄、消费、劳动参与等产生一系列影响。围绕“一老一小”统筹考虑，从财政、税收、保险等角度完善家庭支持政策，为适龄人口的劳动就业和社会参与提供保障和消除后顾之忧，将有助于构建代际和谐、家庭和睦的友好社会，进一步增强社会整体发展的动能，构建活力社会。三是持续改善人口性别结构，挖掘性别红利。近年来治理出生性别比失衡工作取得显著成效，社会性别分工合理优化，男女平等的思想持续深入人心，女性地位提升带来女性劳动参与和社会参与率的增加，要关注和消除人口发展性别差异，在尊重无酬劳动社会价值和推动“职场性别平等”上持续发力，充分释放性别红利。 人口与经济社会、资源环境协调发展是人口高质量发展的内在要求。一是人口高质量发展与经济社会发展相适应。人口老龄化持续加深为推动产业转型与发展银发经济提供了机遇，保持劳动力市场规模、推动人口红利向人才红利转化将为促进全要素劳动生产率提升打下基础，而劳动力素质提升要与更加充分、更高质量就业紧密结合，要在构建实体经济为支撑的现代化产业体系中实现劳动力数量质量替代与空间区域合理优化。同时，发展经济是改善民生的物质保障，推动经济高质量发展、完善国民收入分配体系等，也将夯实全社会应对人口老龄化的社会财富储备，增进全体人民民生福祉水平。二是人口与资源、环境协调发展。人口规模与资源消费、物质需求扩张高度相关，事关人类福祉，“人口规模巨大”预示着我国在生产生活方式变革、能源转型等方面面临艰巨挑战。面向未来的人口、资源与环境可持续发展，需要确保公众的公平有序参与，围绕可持续交通、能源、水环境等，推动技术与制度创新，将低碳生活、绿色生产方式塑造成主流的社会风尚，最终构建起人与自然和谐共生的生命共同体。 （作者：北京大学人口研究所教授） 责任编辑：王 寅
关于提高计划生育家庭特别扶助制度扶助标准的通知.docx,,财政、金融、审计\其他,财政部,2022年04月20日,,财社〔2022〕49号,关于提高计划生育家庭特别扶助制度扶助标准的通知,,通知,标  题：	关于提高计划生育家庭特别扶助制度扶助标准的通知	发文机关：	财政部 卫生健康委 发文字号：	财社〔2022〕49号	来  源：	财政部网站 主题分类：	财政、金融、审计\其他	公文种类：	通知 成文日期：	2022年04月20日 关于提高计划生育家庭特别扶助制度扶助标准的通知 财社〔2022〕49号 各省、自治区、直辖市、计划单列市财政厅（局）、卫生健康委，新疆生产建设兵团财政局、卫生健康委： 为贯彻落实《中共中央 国务院关于优化生育政策促进人口长期均衡发展的决定》精神以及《财政部 卫生计生委关于进一步完善计划生育投入机制的意见》（财社〔2016〕16号），切实维护好计划生育家庭合法权益，经研究，决定自2022年7月1日起，提高计划生育家庭特别扶助制度扶助标准。现将有关事项通知如下： 一、独生子女死亡家庭特别扶助金标准由每人每月450元提高至每人每月590元；独生子女伤残家庭特别扶助金标准由每人每月350元提高至每人每月460元。 二、一级计划生育手术并发症人员特别扶助金标准由每人每月400元提高至每人每月520元；二级计划生育手术并发症人员特别扶助金标准由每人每月300元提高至每人每月390元；三级计划生育手术并发症人员特别扶助金标准由每人每月200元提高至每人每月260元。 三、调整标准所需资金由中央财政和地方财政共同承担并按规定纳入年度财政预算，中央财政按照事权与支出责任划分改革方案分档安排补助资金。各地要切实落实经费保障责任，加强资金管理，确保及时、足额按照调整后的标准发放特别扶助金。 财政部 国家卫生健康委 2022年4月20日
关于极端天气响应、外卖送餐员社保、三孩生育费保障.docx,,,,,2021-07-31,,,中国政府网字号：默认,,关于极端天气响应、外卖送餐员社保、三孩生育费保障……本周民生大事很重要！ 2021-07-31 11:05 来源： 中国政府网字号：默认 大 超大|打印| 本周关键词：科研经费丨外卖送餐员权益丨三孩生育费用丨住房租赁丨“证照分离” 国务院常务会议部署进一步改革完善中央财政科研经费管理 国务院总理李克强7月28日主持召开国务院常务会议，部署进一步改革完善中央财政科研经费管理，给予科研人员更大经费管理自主权。会议确定了进一步改革完善中央财政科研经费管理的措施。一是简化预算编制，将预算科目从9个以上精简为3个。将设备费等预算调剂权全部下放给项目承担单位。对基础研究类和人才类项目推行经费包干制。二是加大科研人员激励，提高科研项目间接费用比例，科研项目经费中用于“人”的费用可达50%以上。对数学等纯理论基础研究项目，间接费用比例可提高到60%。三是加快项目经费拨付进度，项目任务书签订后30日内，要将经费拨付至承担单位。项目完成后，结余资金留归承担单位使用，用于科研直接支出。四是创新财政科研经费支持方式。按照国家确定的重点和范围，由领衔科学家自主确定研究课题、科研团队和经费使用。五是科研项目由相关方面配备科研财务助理，提供预算编制、报销等专业化服务，减轻科研人员事务性负担。六是改进科研经费监管。加强事中事后监管，依法依规开展审计监督。 详细阅读 >> 李克强主持召开国务院常务会议 部署进一步改革完善中央财政科研经费管理 给予科研人员更大经费管理自主权等 多项措施确保生猪供应和价格稳定 国务院总理李克强7月28日主持召开国务院常务会议，确定稳定生猪产能的措施，促进保供稳价，增强猪肉安全供应保障能力。会议指出，通过多措并举稳定生猪生产，目前生猪产能已从一度出现的严重滑坡较快恢复到正常年份水平。针对当前供需变化，要遵循经济规律，更多用市场化方式缓解“猪周期”波动，确保生猪供应和价格稳定。一要稳定财政、金融、用地等长效性支持政策，保护生猪养殖场（户）积极性。对养殖场（户）和屠宰加工企业不得随意限贷、抽贷、断贷。不得违法违规扩大禁养区范围。稳定规模猪场存量，帮扶中小养殖场（户）提升养殖水平。二要建立生猪生产逆周期调控机制，当能繁母猪存栏量月度同比减少10%以上或生猪养殖连续严重亏损3个月时，各地可对规模养殖场（户）给予一次性临时救助。三要抓好重大疫病防控，加强猪肉储备应急调节。 详细阅读 >> 7月28日的国务院常务会定了这两件大事 关注！七部门联合发文保障外卖送餐员权益 近日，市场监管总局等七部门联合印发《关于落实网络餐饮平台责任切实维护外卖送餐员权益的指导意见》，对保障外卖送餐员正当权益提出全方位要求。《意见》明确，在保障劳动收入方面，要求平台建立与工作任务、劳动强度相匹配的收入分配机制，确保外卖送餐员正常劳动所得不低于当地最低工资标准。不得将“最严算法”作为考核要求，通过“算法取中”等方式，合理确定订单数量、准时率、在线率等考核要素，适当放宽配送时限。在完善社会保障方面，督促平台及第三方合作单位为建立劳动关系的外卖送餐员参加社会保险，支持其他外卖送餐员参加社会保险，按照国家规定参加平台灵活就业人员职业伤害保障试点。 详细阅读 >> 七部门发文，切实维护外卖送餐员权益！ 《教育督导问责办法》印发，9月1日起施行 国务院教育督导委员会近日印发《教育督导问责办法》，自2021年9月1日起施行。《办法》指出，违反有关教育法律法规和政策要求，在招生入学、人才培养、科学研究、课程开设和教材使用等工作中存在办学行为不规范或出现严重违规；未按要求加强各类学校和其他教育机构管理，存在超标超前培训、虚假宣传、超期收费等违法违规行为，侵害师生合法权益，出现教师师德严重失范、学生欺凌等危害学生身心健康情况或重大负面舆情等情形，被督导的各级各类学校、其他教育机构及其相关责任人将被予以问责。 详细阅读 >> 今年9月1日起施行，国务院教育督导委员会印发《教育督导问责办法》 定了！参保女职工三孩生育费用纳入保障 近日，国家医保局印发了《关于做好支持三孩政策生育保险工作的通知》，明确要求各地将参保女职工生育三孩的费用纳入生育保险待遇支付范围，按规定及时、足额给付生育医疗费用和生育津贴待遇。同步做好城乡居民生育医疗费用待遇保障和新生儿参保工作。《通知》还要求各地要积极采取管用高效措施办法，确保三孩生育待遇政策落实到位，并主动做好宣传工作，切实增强参保群众获得感。 详细阅读 >> 国家医保局将参保女职工三孩生育费用纳入保障 10月1日起执行！三部门发文完善住房租赁有关税收政策 近日，财政部、税务总局、住房城乡建设部等三部门发布《关于完善住房租赁有关税收政策的公告》，《公告》明确，住房租赁企业中的增值税一般纳税人向个人出租住房取得的全部出租收入，可以选择适用简易计税方法，按照5%的征收率减按1.5%计算缴纳增值税，或适用一般计税方法计算缴纳增值税。住房租赁企业中的增值税小规模纳税人向个人出租住房，按照5%的征收率减按1.5%计算缴纳增值税。住房租赁企业向个人出租住房适用上述简易计税方法并进行预缴的，减按1.5%预征率预缴增值税。《公告》自2021年10月1日起执行。 详细阅读 >> 三部门发文完善住房租赁有关税收政策，10月1日起执行 国家发展改革委：极端天气坚决即时启动最高等级响应 国家发展改革委近日发布《关于加强城市重要基础设施安全防护工作的紧急通知》，要求按照最严酷的极端天气情况完善应急预案，建立第一时间响应机制。一旦出现极端天气等非常情况，要坚决即时启动最高等级响应，该停学的停学，该停工的停工，该停业的停业，该停运的停运，对隧道、涵洞等易涝区段，要及时警戒并采取封路措施，有序疏散群众，杜绝侥幸心理，克服麻痹思想，防止贻误战机，尽最大可能保护人民群众生命财产安全。 详细阅读 >> 国家发展改革委：极端天气坚决即时启动最高等级响应 银保监会发布“证照分离”改革实施方案 近日，中国银保监会印发了《关于印发深化“证照分离”改革进一步激发市场主体发展活力实施方案的通知》。《通知》对中央层面设定的涉企经营许可事项逐项细化改革举措，明确在全国范围内，对银行业保险业涉企经营许可事项实施全覆盖清单管理，采取“优化审批服务”的改革方式，推动行政许可减材料、简程序、减环节；在自由贸易实验区内，进一步加大改革试点力度，采取“审批改为备案”的改革方式，结合监管实际，将部分银行保险机构分支机构设立、高级管理人员任职资格核准等事项由事前审批改为事后报告。
关于进一步完善和落实积极生育支持措施的指导意见.docx,,卫生、体育\其他,卫生健康委,2022年07月25日,,国卫人口发〔2022〕26号,关于进一步完善和落实积极生育支持措施的指导意见,,意见,标  题：	关于进一步完善和落实积极生育支持措施的指导意见	发文机关：	卫生健康委 发展改革委 中央宣传部 教育部 民政部 财政部 人力资源社会保障部 住房城乡建设部 人民银行 国资委 税务总局 医保局 银保监会 全国总工会 共青团中央 全国妇联 中央军委后勤保障部 发文字号：	国卫人口发〔2022〕26号	来  源：	卫生健康委网站 主题分类：	卫生、体育\其他	公文种类：	意见 成文日期：	2022年07月25日 关于进一步完善和落实积极生育支持措施的指导意见 国卫人口发〔2022〕26号 各省、自治区、直辖市人民政府，国务院各部委、各直属机构，军队各有关单位： 为深入贯彻《中共中央 国务院关于优化生育政策促进人口长期均衡发展的决定》，落实人口与计划生育法，进一步完善和落实积极生育支持措施，经国务院同意，现提出如下意见： 一、总体要求 坚持以习近平新时代中国特色社会主义思想为指导，认真贯彻落实党中央、国务院决策部署，深入实施一对夫妻可以生育三个子女政策及配套支持措施，将婚嫁、生育、养育、教育一体考虑，尽力而为、量力而行，综合施策、精准发力，完善和落实财政、税收、保险、教育、住房、就业等积极生育支持措施，落实政府、用人单位、个人等多方责任，持续优化服务供给，不断提升服务水平，积极营造婚育友好社会氛围，加快建立积极生育支持政策体系，健全服务管理制度，为推动实现适度生育水平、促进人口长期均衡发展提供有力支撑。 二、提高优生优育服务水平 （一）改善优生优育全程服务。实施母婴安全行动提升计划，全面落实母婴安全五项制度。推进妇幼保健机构能力建设，各省、市、县级均应设置1所政府举办、标准化的妇幼保健机构。加强高质量产科建设，全面改善住院分娩条件。推动落实出生缺陷三级防治策略，健全“县级筛查、市级诊断、省级指导、区域辐射”的出生缺陷防治网络，提升婚前保健、孕前保健、产前筛查和产前诊断服务水平，针对重点疾病推动围孕期、产前产后一体化管理服务和多学科诊疗协作，强化新生儿遗传代谢病、听力障碍和先天性心脏病筛查和诊断。 （二）提高儿童健康服务质量。实施健康儿童行动提升计划。加强0—6岁儿童和孕产妇健康管理服务，提高服务质量和资金使用效率。加强基层儿童保健服务网络建设。推进基层医疗机构儿童保健门诊（儿童保健室）标准化建设，提高乡镇卫生院、社区卫生服务中心专业从事儿童保健和基本医疗服务的医生配备水平。“十四五”期间，中央预算内投资支持开展10个左右儿科类国家区域医疗中心建设项目，推进儿科医疗联合体建设，促进优质儿科医疗资源下沉和均衡布局。开展母婴友好医院和儿童友好医院建设。做好新生儿参加居民医保服务管理工作。 （三）加强生殖健康服务。扩大分娩镇痛试点，规范相关诊疗行为，提升分娩镇痛水平。指导推动医疗机构通过健康教育、心理辅导、中医药服务、药物治疗、手术治疗、辅助生殖技术等手段，向群众提供有针对性的服务，提高不孕不育防治水平。推进辅助生殖技术制度建设，健全质量控制网络，加强服务监测与信息化管理。开展生殖健康促进行动，增强群众保健意识和能力。加强生殖健康宣传教育和服务，预防非意愿妊娠，减少非医学需要的人工流产。 （四）提高家庭婴幼儿照护能力。建立完善健康科普专家库和资源库，通过广播、电视、报刊、网络、新媒体等多种渠道，普及科学育儿知识与技能。鼓励地方采取积极措施，支持隔代照料、家庭互助等照护模式。扩大家政企业上门居家婴幼儿照护服务供给。鼓励有条件的托育机构与家政企业等合作，提供上门居家婴幼儿照护服务。鼓励有资质的服务机构、行业协会和专业人员，依托村（居）委会等基层力量，通过家长课堂、养育照护小组活动、入户指导等方式，提高婴幼儿照护能力。充分发挥公益慈善类社会组织等社会力量积极作用，加大对农村和欠发达地区婴幼儿照护服务的支持。 三、发展普惠托育服务体系 （五）增加普惠托育服务供给。2022年，全国所有地市要印发实施“一老一小”整体解决方案。通过中央预算内投资支持和引导，实施公办托育服务能力建设项目和普惠托育服务专项行动，带动地方政府基建投资和社会投资。公办托育机构收费标准由地方政府制定，加强对普惠托育机构收费的监管。拓展社区托育服务功能，完善婴幼儿照护设施等基本公共服务设施。支持有条件的用人单位为职工提供福利性托育服务。加快制定出台家庭托育点管理办法。在满足学前教育普及的基础上，鼓励和支持有条件的幼儿园招收2—3岁幼儿。 （六）降低托育机构运营成本。“十四五”时期，拓宽托育建设项目申报范围，中央预算内投资加大支持力度给予建设补贴。科学布局社区综合服务设施，落实社区托育服务发展税费优惠政策。完善土地、住房、财政、金融、人才等政策，鼓励地方对普惠托育机构予以支持。托育机构用水用电用气用热按照居民生活类价格执行。鼓励社会资本设立托育服务事业发展基金，向托育行业提供增信支持。各地要建立托育机构关停等特殊情况应急处置机制，落实疫情期间托育企业纾困政策。 （七）提升托育服务质量。深入开展全国婴幼儿照护服务示范城市创建活动，形成一批可复制、可推广的典型经验。研究制定托育服务相关制度规范，大力发展多种形式的托育服务。鼓励有条件的普通高等学校和职业院校开设托育服务相关专业，加快培养专业人才。依法逐步实行托育从业人员职业资格准入制度。深入实施康养职业技能培训计划，加强托育岗位人员技能培训。各级医疗卫生机构、疾病预防控制机构等要加强对托育机构卫生保健工作的业务指导、咨询服务和监督检查，预防控制传染病，降低常见病的发病率，保障婴幼儿的身心健康。严格落实托育机构消防安全指南等一系列规范性文件，加强部门综合监管，严防安全事故发生。加强社会监督，促进行业自律。 四、完善生育休假和待遇保障机制 （八）优化生育休假制度。各地要完善生育休假政策，从保障职工生育权益和保护生育职工健康权的功能定位出发，体现保护生育和养育过程，帮助职工平衡工作和家庭关系，促进公平就业和职业发展。要结合实际完善假期用工成本合理分担机制，明确相关各方责任，采取切实有效措施保障职工假期待遇。 （九）完善生育保险等相关社会保险制度。国家统一规范并制定完善生育保险生育津贴支付政策，强化生育保险对参保女职工生育医疗费用、生育津贴待遇等保障作用，保障生育保险基金安全。有条件的地方可探索参加职工基本医疗保险的灵活就业人员同步参加生育保险。未就业妇女通过参加城乡居民基本医疗保险享受生育医疗待遇。为领取失业保险金人员缴纳职工基本医疗保险费（含生育保险费），保障其生育权益，所需资金从失业保险基金列支。指导地方综合考虑医保（含生育保险）基金可承受能力、相关技术规范性等因素，逐步将适宜的分娩镇痛和辅助生殖技术项目按程序纳入基金支付范围。 五、强化住房、税收等支持措施 （十）加快完善住房保障体系。加快发展保障性租赁住房，促进解决新市民、青年人等群体住房困难。进一步完善公租房保障对促进积极生育的支持措施，各地在配租公租房时，对符合条件且有未成年子女的家庭，可根据其未成年子女数量，在户型选择方面给予适当照顾；优化公租房轮候与配租规则，将家庭人数及构成等纳入轮候排序或综合评分的因素，对符合条件且子女数量较多的家庭可直接组织选房；完善公租房调换政策，对因家庭人口增加、就业、子女就学等原因需要调换公租房的，根据房源情况及时调换。 （十一）精准实施购房租房倾斜政策。住房政策向多子女家庭倾斜，在缴存城市无自有住房且租赁住房的多子女家庭，可按照实际房租支出提取住房公积金；对购买首套自住住房的多子女家庭，有条件的城市可给予适当提高住房公积金贷款额度等相关支持政策。加快发展长租房市场，多渠道增加长租房供应，推进租购权利均等。各地可结合实际，进一步研究制定根据养育未成年子女负担情况实施差异化租赁和购买房屋的优惠政策。 （十二）发挥好税收、金融等支持作用。实施好3岁以下婴幼儿照护费用个人所得税专项附加扣除政策。建立对依法保障职工生育权益用人单位激励机制。向提供母婴护理、托育服务以及相关职业培训、消费品生产的企业加大金融支持力度。 六、加强优质教育资源供给 （十三）提高学前教育普及普惠水平。继续实施“十四五”学前教育发展提升行动计划，着力补齐农村地区和城市新增人口集中地区普惠性资源短板。切实落实各级政府发展学前教育责任，健全政府投入为主、家庭合理分担、其他多渠道筹措经费的机制。优化完善财政补助政策，逐步提高学前教育财政投入水平，保障普惠性学前教育有质量可持续发展。健全学前教育资助制度，切实保障家庭经济困难儿童接受普惠性学前教育。 （十四）提高义务教育均衡发展水平。依法落实政府举办义务教育的主体责任，优化义务教育结构，确保义务教育学位主要由公办学校提供和政府购买学位方式提供。继续落实“两免一补”政策，降低学生就学成本。进一步减轻义务教育阶段学生作业负担和校外培训负担，发挥学校教育主阵地作用，提升课后服务质量，按规定保障课后服务经费。严格落实义务教育阶段学科类校外培训收费实行政府指导价管理政策。加强非学科类校外培训监管，规范培训机构收费行为。加强对家长的家庭教育指导，树立科学育儿观念。 （十五）加强生理卫生等健康教育。针对在校学生的心理生理特点，通过定期举办专题讲座、开设公共选修课程等方式，开展生理卫生教育、青春期教育或者性健康教育，加强婚恋观、家庭观正向引导。 七、构建生育友好的就业环境 （十六）鼓励实行灵活的工作方式。用人单位可结合生产和工作实际，通过与职工协商，采取弹性上下班、居家办公等工作方式，为有接送子女上下学、照顾生病或居家子女等需求的职工提供工作便利，帮助职工解决育儿困难。 （十七）推动创建家庭友好型工作场所。推动用人单位将帮助职工平衡工作和家庭关系相关措施纳入集体合同和女职工权益保护专项集体合同条款。实施母乳喂养促进行动。女职工比较多的用人单位应当建立孕妇休息室、哺乳室，配备必要母婴服务设施，更好满足孕产期、哺乳期女职工的需求。鼓励有条件的用人单位、学校、社区、群团组织等开展寒暑假托管服务。 （十八）切实维护劳动就业合法权益。推动完善促进妇女就业的制度机制，加强对女性劳动者特别是生育再就业女性相关职业技能培训。持续开展就业性别歧视约谈工作，依法查处侵权行为。督促用人单位依法依规落实对孕产期、哺乳期女职工关于工作时间、工资待遇、劳动强度等方面的特殊劳动保护。加强监管执法，健全司法救济机制，探索开展妇女平等就业权益保护检察公益诉讼，维护妇女劳动和社会保障权益。强化工会劳动法律监督，推动职工权益保护法律法规贯彻落实。 八、加强宣传引导和服务管理 （十九）积极营造生育友好社会氛围。充分发挥各类媒体作用和群团组织优势，积极开展人口基本国情宣传教育，弘扬中华民族传统美德，提倡适龄婚育、优生优育，倡导尊重生育的社会价值、尊重父母、儿童优先、夫妻共担育儿责任。推进婚俗改革和移风易俗，破除婚嫁大操大办、高价彩礼等陈规陋习，倡导积极婚育观念。组织创作一批积极向上的文艺作品，讲好新时代美好爱情、和谐家庭、幸福生活的中国故事。推进儿童友好城市建设。开展全国生育友好工作先进单位表彰活动，评选一批工作扎实、成效明显、群众满意的先进典型，鼓励和带动基层积极创新，营造生育友好的社会环境。 （二十）建立健全人口服务体系。以“一老一小”为重点，建立健全覆盖全生命周期的人口服务体系。加强政府和社会协同治理，强化乡镇（街道）、村（社区）等基层人口管理体系和服务能力建设。完善生育登记制度，全面落实出生医学证明、儿童预防接种、户口登记、医保参保、社保卡申领等“出生一件事”集成化办理。强化基层人口信息管理职责，促进入户、入学、婚姻登记、卫生健康等基础信息融合共享，科学研判生育形势和人口变动趋势。维护计划生育家庭合法权益，建立健全政府主导、社会组织参与的计划生育特殊家庭扶助关怀工作机制，建立健全生活、养老、医疗、精神慰藉等全方位帮扶保障制度，动员各级计划生育协会深入开展“暖心行动”。 各地各有关部门要深刻认识完善和落实积极生育支持措施的重要性和紧迫性，切实提高政治站位，把人口工作摆上重要议事日程，密切协同配合，加快完善积极生育支持措施。各地要坚持一把手亲自抓、负总责，加强统筹规划、政策协调和工作落实，结合实际及时完善具体政策措施，周密组织实施，确保责任到位、措施到位、投入到位、落实到位。各有关部门要加强对地方的指导，总结推广好的经验做法，及时细化配套措施，推动解决工作中面临的问题，不断完善服务管理制度。立足国情，加强评估论证，促进生育政策和相关经济社会政策配套衔接。完善跨部门协调机制，强化重要政策统筹研究和督促落实。完善优化生育政策目标管理责任制，研究建立指标体系，监测评估积极生育支持措施的成效。加强政策宣传解读，及时妥善回应社会关切，营造良好氛围。重要情况及时报告。 国家卫生健康委 国家发展改革委 中央宣传部 教育部 民政部 财政部 人力资源社会保障部 住房城乡建设部 中国人民银行 国务院国资委 国家税务总局 国家医保局 中国银保监会 全国总工会 共青团中央 全国妇联 中央军委后勤保障部 2022年7月25日
准确把握新时代人口发展战略.docx,,,,,2024-03-13,,,《红旗文稿》2024/5,,准确把握新时代人口发展战略 来源：《红旗文稿》2024/5 作者：原 新 2024-03-13 17:05:32 人口问题始终是我国面临的全局性、长期性、战略性问题，人口发展是关系中华民族伟大复兴的大事。党的十八大以来，以习近平同志为核心的党中央高度重视人口问题，根据我国人口发展变化形势，作出适时调整完善生育政策、促进人口长期均衡发展的重大决策，各项工作取得显著成效，为全面建设社会主义现代化国家打下坚实基础。必须深刻认识到，人口是现代化建设最基本的支撑。要实现社会主义现代化，必须全面提升人口素质，归根结底要激发14亿多人民的力量。二十届中央财经委员会第一次会议强调以人口高质量发展支撑中国式现代化。中国式现代化的人口高质量发展，并不拘泥于健康和教育素质方面，更体现在以人口素质、总量、结构、分布为表征的全局引领维度，目标是加快塑造素质优良、总量充裕、结构优化、分布合理的现代化人力资源。发挥人口高质量发展的全局引领作用，坚实中国式现代化的人口信心，是新时代人口发展战略的内在要求。 一 一切竞争力归根到底是人的竞争力，现代化的本质是人的全面发展和人的现代化。全面提升人口素质既是将人口规模优势转变为发展胜势、促进国家竞争力提升的长远之举，也是中国式现代化的内在要求和重要支撑。我国将健康中国和教育强国作为人口高质量发展的战略工程，人力资源利用效率正在持续显效。一方面，以提高人民健康为核心，着力落实普及健康生活、优化健康服务、完善健康保障、建设健康环境、发展健康产业任务，全方位、全周期维护和提升全民健康水平，筑牢健康人力资源和人力资本基础。另一方面，推动教育政策从数量扩张转向质量提升和结构优化，在提高基本公共教育服务均等化水平的基础上，巩固基础教育成果，促进职业教育产教融合，推动高等教育内涵发展，提高劳动力供给质量，夯实“制造中国”向“创造中国”和“智造中国”转变的教育人力资本基础。 人力资源是人口数量和人口质量的综合，人力资本是经济社会发展动力更强劲、时间更持久的引擎。随着健康中国和教育强国战略工程的持续推进，我国正从人口大国向人力资源大国进而向人力资本大国快速转型，人口动力正在转型升级。主要健康指标居于中高收入国家前列，人口平均预期寿命超过78岁，跨入长寿国家行列；已建成全球规模最大的教育体系，跨入稳定的大学普及教育阶段，目前我国接受高等教育人口超2.5亿人，研发人员总人数稳居世界首位，新增劳动力的平均受教育年限增至14年。素质优良的人口机会厚积薄发，成为经济社会发展的新动力源，为落实党的二十大提出的深入实施科教兴国战略、人才强国战略、创新驱动发展战略奠定人口质量基础，增强了以人口高质量发展支撑中国式现代化的信心和能力。 二 保持适度人口规模是中华民族永续发展的前提，生育率决定未来人口发展大趋势，努力维持适度生育率水平是人口长期均衡发展的重要目标。2021年出台《中共中央 国务院关于优化生育政策促进人口长期均衡发展的决定》，将促进人口长期均衡发展作为战略任务。随着“三孩”生育政策及配套支持措施的落实，我国人口生育观念和行为的包容性不断增强，正在向着努力实现《国家人口发展规划（2016-2030）》的目标锲而不舍努力，即到2030年总和生育率达1.8左右。 人口规模巨大既是中国式现代化的特征，也是中国式现代化的底气，更是打造国内国际双循环的重要支撑。2023年末，我国总人口14.1亿人，根据联合国《世界人口展望2022》预测数据，若生育率水平能够回升且保持在1.4左右，2035年我国总人口为14亿以上，2050年仍在13亿以上。本世纪70年代中期之前，我国依然是全球两个十亿级以上的人口超级大国之一，消费潜力和市场规模巨大，这不仅将为国内大循环提供强大动力，为推进中国式现代化奠定坚实基础，也将通过国内国际双循环，为世界经济发展提供中国机遇。 三 作为人口年龄结构的系统性变化，人口老龄化是长寿化和少子化的必然结果。作为发展主体构成的系统性变化，人口老龄化必然对经济社会发展的全领域各环节以及国家综合竞争力产生深刻持久的影响。人口老龄化本身不是问题，经济社会结构形态变迁之后，与人口老龄化不适应、不匹配，才是老龄社会问题的根源所在。 我国探索出积极应对人口老龄化的中国特色道路，在国家战略层面上确保在发展中保障和改善民生，确保经济社会发展始终与人口老龄化进程相适应。党的十八大以来，党中央结合“五位一体”总体布局，对标“两个一百年”奋斗目标，在国家总体发展战略体系中明确了夯实应对老龄化的社会财富储备、改善老龄化背景下的劳动力有效供给、打造高质量的为老服务和产品供给体系、强化应对老龄化的科技创新能力、构建养老孝老敬老的社会环境等积极应对措施。一方面，在保障和改善民生的进程中，建立健全社会保障、养老服务、老年人健康支撑和老年人社会参与体系，及时满足人民日益增长的高品质生活需要，有效化解老龄社会时期的不平衡不充分发展问题；另一方面，在推动和实现高质量发展的过程中，人口结构变迁与经济社会发展模式同频共振，夯实转变发展方式、优化经济结构、转换增长动力，以及“保持量的合理增长”和“促进质的有效提升”的人口动力。 四 人口作为经济社会发展的活力源泉，有序流动、均衡分布、合理聚集，才能盘活源头活力，创造更大增量价值。促进人口分布合理是我国人口进入存量时代后挖掘配置型人口红利的关键之举，也是以人口高质量发展支撑中国式现代化的重要之策。 改革开放以来，我国人口流动迁移步伐加快，人口城镇化水平持续攀升。2021年流动人口达3.84亿，占总人口27.2%，即超过1/4的人口处于流动迁移状态，且向城镇、沿海等经济发展高地集聚，2023年常住人口城镇化水平达到66.2%。人口流动迁移活跃有利于盘活配置型人口机会，量大、地广且长期的人口流动迁移，既有利于激活人口国内大循环，促进人口空间布局不断优化；也有利于提升城镇化水平和质量，提高劳动参与率和劳动生产率，激活人口大国的空间腾挪优势。 我国为缓和人口与资源环境的紧平衡状态，促进人口要素的有效配置，着力从三个方面推进分布合理的人口高质量发展。一是推进以人为核心的城镇化高质量发展，加大对农业转移人口市民化的财政支持力度，推动基本公共服务均等化，保障城市新居民稳定就业和生活的基本权利。二是促进以人口集聚为关键的城市群高质量发展，分类放宽不同等级城市的落户限制，通过政策倾斜培育中西部城市群，引导人口就近集聚，缓解区域人口增减分化带来的养老金失衡等社会保障问题。三是保障以人口安全为目标的国土空间高质量发展，科学评估人口负增长等形势冲击，确定不同功能定位的国土空间的资源环境和人口承载力，引导人口布局，优化中国式现代化的空间格局。 总之，人口转型过程中形成的有利于发展的人口机会，只有转化为经济产出才算收获人口红利，转化机制就是与人口机会相匹配的政策环境。在推进中国式现代化的进程中，素质型、规模型、资源型、长寿型、配置型等人口机会丰富，构建与之相适宜的发展战略，是赓续人口红利的必要手段。在向第二个百年奋斗目标进军、以中国式现代化全面推进中华民族伟大复兴的进程中，以全局性的人口高质量发展为引领，立足战略统筹，强化人口发展的战略地位和基础作用，最大限度发挥人口因素的能动作用，把由人口素质动能、总量势能、结构潜能和分布优势相叠加的人口机会最大化地转化为人口红利，能够促进人口与经济社会、资源环境协调可持续发展，为全面建设社会主义现代化国家、实现中华民族伟大复兴的中国梦夯实基础性的人口动力。 （作者：南开大学经济学院教授、中国人口学会副会长） 责任编辑：王 寅
北京市卫健委：全市户籍人口严重出生缺陷发生率连续8年下降.docx,,,,,2019-10-13,,,新华社字号：默认,,北京市卫健委：全市户籍人口严重出生缺陷发生率连续8年下降 2019-10-13 16:57 来源： 新华社字号：默认 大 超大|打印| 新华社北京10月13日电（记者 侠克）记者日前从北京市卫生健康委获悉，近年来，北京市建立并完善出生缺陷综合防治体系，通过落实出生缺陷防治三级预防措施，全市户籍人口严重出生缺陷发生率连续8年呈下降趋势。 据了解，通过全面开展增补叶酸预防神经管缺陷项目，北京市全孕周神经管缺陷发生率由2009年的1.2‰降到2018年的0.67‰。 此外，北京市还将早孕期与中孕期超声筛查纳入规范化服务管理，优化产前血生化筛查与超声筛查转诊，实现筛查与后续诊断服务全覆盖。 据介绍，北京市产前血生化筛查率由2008年的47.09%上升到2018年72.39%，超声产前筛查率始终保持在95%以上；出生缺陷产前诊断率从2003年的14.6%上升到2018年的65.70%。 北京市卫生健康委有关负责人表示，自1989年以来，北京市新生儿疾病筛查覆盖人数达370余万，新生儿遗传代谢病筛查率由最初的14.01%上升至2018年的99.65%；可疑病人追访率近五年持续在95%以上；新生儿耳聋基因筛查率达到99%以上。
国务院办公厅关于全面推进生育保险和.docx,000014349/2019-00027,劳动、人事、监察\社会保障,国务院办公厅,2019年03月06日,2019年03月25日,国办发〔2019〕10号,国务院办公厅关于全面推进生育保险和职工基本医疗保险合并实施的意见,,,索 引 号：	000014349/2019-00027	主题分类：	劳动、人事、监察\社会保障 发文机关：	国务院办公厅	成文日期：	2019年03月06日 标　　题：	国务院办公厅关于全面推进生育保险和职工基本医疗保险合并实施的意见 发文字号：	国办发〔2019〕10号	发布日期：	2019年03月25日 国务院办公厅关于全面推进生育保险和 职工基本医疗保险合并实施的意见 国办发〔2019〕10号 各省、自治区、直辖市人民政府，国务院各部委、各直属机构： 全面推进生育保险和职工基本医疗保险（以下统称两项保险）合并实施，是保障职工社会保险待遇、增强基金共济能力、提升经办服务水平的重要举措。根据《中华人民共和国社会保险法》有关规定，经国务院同意，现就两项保险合并实施提出以下意见。 一、指导思想 以习近平新时代中国特色社会主义思想为指导，全面贯彻党的十九大和十九届二中、三中全会精神，认真落实党中央、国务院决策部署，统筹推进“五位一体”总体布局和协调推进“四个全面”战略布局，坚持以人民为中心，牢固树立新发展理念，遵循保留险种、保障待遇、统一管理、降低成本的总体思路，推进两项保险合并实施，实现参保同步登记、基金合并运行、征缴管理一致、监督管理统一、经办服务一体化。通过整合两项保险基金及管理资源，强化基金共济能力，提升管理综合效能，降低管理运行成本，建立适应我国经济发展水平、优化保险管理资源、实现两项保险长期稳定可持续发展的制度体系和运行机制。 二、主要政策 （一）统一参保登记。参加职工基本医疗保险的在职职工同步参加生育保险。实施过程中要完善参保范围，结合全民参保登记计划摸清底数，促进实现应保尽保。 （二）统一基金征缴和管理。生育保险基金并入职工基本医疗保险基金，统一征缴，统筹层次一致。按照用人单位参加生育保险和职工基本医疗保险的缴费比例之和确定新的用人单位职工基本医疗保险费率，个人不缴纳生育保险费。同时，根据职工基本医疗保险基金支出情况和生育待遇的需求，按照收支平衡的原则，建立费率确定和调整机制。 职工基本医疗保险基金严格执行社会保险基金财务制度，不再单列生育保险基金收入，在职工基本医疗保险统筹基金待遇支出中设置生育待遇支出项目。探索建立健全基金风险预警机制，坚持基金运行情况公开，加强内部控制，强化基金行政监督和社会监督，确保基金安全运行。 （三）统一医疗服务管理。两项保险合并实施后实行统一定点医疗服务管理。医疗保险经办机构与定点医疗机构签订相关医疗服务协议时，要将生育医疗服务有关要求和指标增加到协议内容中，并充分利用协议管理，强化对生育医疗服务的监控。执行基本医疗保险、工伤保险、生育保险药品目录以及基本医疗保险诊疗项目和医疗服务设施范围。 促进生育医疗服务行为规范。将生育医疗费用纳入医保支付方式改革范围，推动住院分娩等医疗费用按病种、产前检查按人头等方式付费。生育医疗费用原则上实行医疗保险经办机构与定点医疗机构直接结算。充分利用医保智能监控系统，强化监控和审核，控制生育医疗费用不合理增长。 （四）统一经办和信息服务。两项保险合并实施后，要统一经办管理，规范经办流程。经办管理统一由基本医疗保险经办机构负责，经费列入同级财政预算。充分利用医疗保险信息系统平台，实行信息系统一体化运行。原有生育保险医疗费用结算平台可暂时保留，待条件成熟后并入医疗保险结算平台。完善统计信息系统，确保及时全面准确反映生育保险基金运行、待遇享受人员、待遇支付等方面情况。 （五）确保职工生育期间的生育保险待遇不变。生育保险待遇包括《中华人民共和国社会保险法》规定的生育医疗费用和生育津贴，所需资金从职工基本医疗保险基金中支付。生育津贴支付期限按照《女职工劳动保护特别规定》等法律法规规定的产假期限执行。 （六）确保制度可持续。各地要通过整合两项保险基金增强基金统筹共济能力；研判当前和今后人口形势对生育保险支出的影响，增强风险防范意识和制度保障能力；按照“尽力而为、量力而行”的原则，坚持从实际出发，从保障基本权益做起，合理引导预期；跟踪分析合并实施后基金运行情况和支出结构，完善生育保险监测指标；根据生育保险支出需求，建立费率动态调整机制，防范风险转嫁，实现制度可持续发展。 三、保障措施 （一）加强组织领导。两项保险合并实施是党中央、国务院作出的一项重要部署，也是推动建立更加公平更可持续社会保障制度的重要内容。各省（自治区、直辖市）要高度重视，加强领导，有序推进相关工作。国家医保局、财政部、国家卫生健康委要会同有关方面加强工作指导，及时研究解决工作中遇到的困难和问题，重要情况及时报告国务院。 （二）精心组织实施。各地要高度重视两项保险合并实施工作，按照本意见要求，根据当地生育保险和职工基本医疗保险参保人群差异、基金支付能力、待遇保障水平等因素进行综合分析和研究，周密组织实施，确保参保人员相关待遇不降低、基金收支平衡，保证平稳过渡。各省（自治区、直辖市）要加强工作部署，督促指导各统筹地区加快落实，2019年底前实现两项保险合并实施。 （三）加强政策宣传。各统筹地区要坚持正确的舆论导向，准确解读相关政策，大力宣传两项保险合并实施的重要意义，让社会公众充分了解合并实施不会影响参保人员享受相关待遇，且有利于提高基金共济能力、减轻用人单位事务性负担、提高管理效率，为推动两项保险合并实施创造良好的社会氛围。 国务院办公厅 2019年3月6日 （此件公开发布）
国务院办公厅关于印发国家人口和计划生育委员会主要职责内设机构和人员编制规定的通知.docx,000014349/2008-00180,国务院组织机构\国务院组成部门,国务院办公厅,2008年07月10日,2016年06月12日,国办发〔2008〕82号,国务院办公厅关于印发国家人口和计划生育委员会主要职责内设机构和人员编制规定的通知,,,索 引 号：	000014349/2008-00180	主题分类：	国务院组织机构\国务院组成部门 发文机关：	国务院办公厅	成文日期：	2008年07月10日 标　　题：	国务院办公厅关于印发国家人口和计划生育委员会主要职责内设机构和人员编制规定的通知 发文字号：	国办发〔2008〕82号	发布日期：	2016年06月12日 时　　效：	根据《国务院关于宣布失效一批国务院文件的决定》（国发〔2015〕68号），此文件已宣布失效。 国务院办公厅关于印发 国家人口和计划生育委员会 主要职责内设机构和人员编制规定的通知 国办发〔2008〕82号 各省、自治区、直辖市人民政府，国务院各部委、各直属机构： 《国家人口和计划生育委员会主要职责内设机构和人员编制规定》已经国务院批准，现予印发。 国务院办公厅 二〇〇八年七月十日 国家人口和计划生育委员会主要职责 内设机构和人员编制规定 根据第十一届全国人民代表大会第一次会议批准的国务院机构改革方案和《国务院关于机构设置的通知》（国发〔2008〕11号），设立国家人口和计划生育委员会，为国务院组成部门。 一、职责调整 （一）取消已由国务院公布取消的行政审批事项。 （二）取消促进生殖健康产业发展的职责。 （三）增加参与国家人口基础信息库建设的职责。 （四）加强对国家人口发展战略的研究，加强流动人口计划生育管理和服务，稳定低生育水平。 二、主要职责 （一）拟订国家人口发展规划草案，研究人口发展战略，提出统筹解决人口问题的目标和任务建议，研究提出人口与经济、社会、资源、环境协调可持续发展的政策建议。 （二）负责实施全国人口和计划生育中长期规划、年度计划和事业发展规划，对人口和计划生育规划执行情况进行监督和评估，稳定低生育水平。 （三）起草人口和计划生育工作的法律法规草案和政策规定，负责协调推动有关部门、群众团体履行人口和计划生育工作相关职责，促进人口和计划生育方针政策在教育、卫生、文化、就业和社会保障等工作中的衔接配合，会同有关部门提出促进出生人口性别平衡的政策措施。 （四）研究提出促进人口有序流动、合理分布的政策建议，制定流动人口计划生育服务管理规划，负责推动地方建立流动人口计划生育信息共享和公共服务工作机制。 （五）监测人口和计划生育发展动态，提出发布人口和计划生育安全预警预报建议，负责人口和计划生育的信息综合及信息化建设，参与国家人口基础信息库建设。 （六）组织实施计划生育科学研究的总体规划，依法管理人口和计划生育技术服务工作，依法公布有关计划生育科学研究、技术服务重要信息，负责计划生育统计、信息分析工作，研究和依法规范计划生育药具管理制度。 （七）制定人口和计划生育宣传教育工作规划，组织开展人口和计划生育宣传教育工作。 （八）推动实施计划生育的生殖健康促进计划，提高人口素质，协同有关部门降低出生缺陷人口数量。 （九）制定并组织实施人口和计划生育系统干部队伍教育培训规划，指导人口和计划生育公共服务网络体系建设，指导中国计划生育协会的业务工作。 （十）负责人口和计划生育工作的国际交流与合作，负责人口和计划生育国际援助项目的实施。 （十一）承办国务院交办的其他事项。 三、内设机构 根据上述职责，国家人口和计划生育委员会设9个内设机构： （一）办公厅。 组织协调重大问题的调查研究、综合分析和重大事项督查督办；负责机关文电、会务、机要、档案工作和信息、安全保密、信访等工作；负责机关行政事务；承担联系兼职委员单位的具体工作。 （二）政策法规司。 起草人口和计划生育法律法规草案和政策建议，组织监督检查执行情况；承担行政复议工作；推动完善计划生育利益导向机制工作。 （三）发展规划与信息司。 研究人口发展战略；拟订人口和计划生育工作的规划、计划和政策，承担相关的监督、评估工作；分析人口发展动态，提出发布人口和计划生育安全预警预报的建议；承担人口和计划生育的信息综合和计划生育统计工作；参与国家人口基础信息库建设工作；负责人口和计划生育系统的信息化建设和监督管理工作。 （四）流动人口服务管理司。 研究提出促进人口有序流动、合理分布的政策建议；拟订流动人口计划生育服务管理工作规划；研究规范流动人口计划生育服务管理工作制度；指导地方建立流动人口计划生育信息共享和公共服务工作机制。 （五）宣传教育司。 拟订人口和计划生育宣传教育工作规划；组织协调人口和计划生育宣传教育工作；组织新闻发布；承担协调出生人口性别比治理工作。 （六）科学技术服务司。 组织实施人口和计划生育科学研究的总体规划；拟订计划生育技术服务发展规划并监督实施，协同有关部门降低出生缺陷人口数量；研究和依法规范计划生育药具管理制度；推动实施计划生育的生殖健康促进计划；承担依法公布计划生育技术服务信息工作。 （七）财务司。 编制部门预决算；审核提出计划生育药具需求计划；指导、监督人口和计划生育经费、奖励扶助经费及社会抚养费的管理使用；编制并组织实施计划生育技术服务网络建设规划及标准；指导、审计直属单位财务、资产管理工作；负责指导、协调机关及直属单位基建工作。 （八）国际合作司。 承担国际交流与合作的日常工作；管理人口和计划生育国际援助项目；承担人口和计划生育对外宣传工作；负责机关和直属单位的外事工作。 （九）人事司。 拟订干部队伍教育培训规划并指导落实；指导人口和计划生育公共服务网络体系建设；负责机关和直属单位人事管理及机构编制工作；负责机关离退休干部工作。 机关党委　负责机关和在京直属单位的党群工作。 四、人员编制 国家人口和计划生育委员会机关行政编制为143名（含两委人员编制4名、援派机动编制1名、离退休干部工作人员编制6名）。其中：主任1名、副主任4名，司局级领导职数28名（含机关党委专职副书记1名）。 五、其他事项 所属事业单位的设置、职责和编制事项另行规定。 六、附则 本规定由中央机构编制委员会办公室负责解释，其调整由中央机构编制委员会办公室按规定程序办理。
国务院办公厅关于同意国家人口和计划生育委员会.docx,000014349/2014-00081,国务院组织机构\其他,国务院办公厅,2014年07月08日,2014年07月24日,国办函〔2014〕66号,国务院办公厅关于同意国家人口和计划生育委员会兼职委员制度调整为国家卫生和计划生育委员会计划生育兼职委员制度的函,,,索 引 号：	000014349/2014-00081	主题分类：	国务院组织机构\其他 发文机关：	国务院办公厅	成文日期：	2014年07月08日 标　　题：	国务院办公厅关于同意国家人口和计划生育委员会兼职委员制度调整为国家卫生和计划生育委员会计划生育兼职委员制度的函 发文字号：	国办函〔2014〕66号	发布日期：	2014年07月24日 国务院办公厅关于同意国家人口和计划生育委员会 兼职委员制度调整为国家卫生和计划生育委员会 计划生育兼职委员制度的函 国办函〔2014〕66号 卫生计生委： 你委《关于继续保留兼职委员会议制度并调整兼职委员单位组成职责及兼职委员的请示》（国卫办报〔2014〕100号）收悉。经国务院领导同志同意，现函复如下： 一、同意根据国务院机构改革后部门职责、人员变动情况及计划生育工作发展的需要，将国家人口和计划生育委员会兼职委员制度调整为国家卫生和计划生育委员会计划生育兼职委员制度，同时对兼职委员单位及其职责和兼职委员进行相应调整。 二、国家卫生和计划生育委员会计划生育兼职委员会议在国务院领导下，负责研究提出计划生育工作的重大政策措施，为国务院决策提供意见建议；督促检查相关计划生育政策落实情况和任务完成情况，协调解决政策落实中的难点问题。兼职委员会议原则上每年召开一次，由国务院分管计划生育工作的领导同志召集，也可委托卫生计生委主要负责人或联系计划生育工作的国务院副秘书长召集。会议议题由卫生计生委提出，报召集人确定。会议议定事项以会议纪要形式明确，由召集人签发。 三、卫生计生委承担联系兼职委员单位的具体工作，各兼职委员单位指定一名司局级干部担任联络员。 四、各兼职委员单位要切实履行职责，按照分工密切配合卫生计生委共同做好计划生育工作。 附件：1.国家卫生和计划生育委员会计划生育兼职委员单位及其职责 2.国家卫生和计划生育委员会计划生育兼职委员名单 国务院办公厅 2014年7月8日 （此件公开发布） 附件1 国家卫生和计划生育委员会计划生育 兼职委员单位及其职责 国家卫生和计划生育委员会计划生育兼职委员单位是：外交部、发展改革委、教育部、科技部、工业和信息化部、公安部、民政部、财政部、人力资源社会保障部、国土资源部、环境保护部、住房城乡建设部、农业部、商务部、新闻出版广电总局、食品药品监管总局、统计局、扶贫办、全国妇联。 各兼职委员单位的具体职责是： 外交部：将人口与发展领域的各类国际合作纳入我国国际合作的总体框架，协调国际合作中涉及计划生育工作的重要问题。 发展改革委：研究提出国家人口发展战略，拟订人口发展规划和人口政策，研究提出人口与经济、社会、资源、环境协调和可持续发展，以及统筹促进人口长期均衡发展的政策建议；参与拟订计划生育中长期发展规划以及计划生育服务资源配置相关政策；指导各地将计划生育工作纳入当地经济社会发展规划和年度计划；指导和加强计划生育服务体系建设，负责安排专项投资和国家财政性资金建设项目。 教育部：指导高校做好计划生育管理和服务工作，保障已婚学生的生育权利；推动流动人口子女平等接受义务教育政策的落实；加强在校学生青春期、性知识等健康教育；协助提供在校生数量、分布、性别比等相关数据。 科技部：将计划生育中长期科技发展规划纳入国家中长期科技发展规划和国家科技规划；支持计划生育部门开展避孕节育、优生优育、生殖健康等研究和科技创新；支持计划生育领域科技创新体系建设和科技支撑条件平台建设；支持计划生育国家重点实验室及国家工程技术研究中心的建设；为优先安排计划生育女儿户家庭参加科技知识和技能的培训提供政策支持。 工业和信息化部：支持国家计划生育重点信息化项目建设；支持人口健康信息化及相关应用系统的研究开发和推广应用。 公安部：牵头开展国家人口基础数据库建设，探索建立人口信息共享机制，指导做好计划生育信息系统安全工作；协助提供有关人口规模、结构、分布等统计资料和年度户籍人口、暂住人口统计资料；加强流动人口信息的共享；依法处理阻碍计划生育国家机关工作人员执行职务的违法犯罪行为，依法打击溺弃婴儿犯罪行为；会同卫生计生、食品药品监管等部门依法打击非医学需要的胎儿性别鉴定和选择性别的人工终止妊娠行为。 民政部：在拟订社会福利、社会救助和社区服务工作政策时，对符合条件的女儿户家庭和计划生育家庭予以照顾和扶持；推进乡镇（街道）把计划生育工作纳入基本公共服务的范围，实现计划生育基本公共服务均等化。在推进城乡社区建设、加强村（居）民自治、实行乡镇（街道）政务及村（居）务公开工作中，纳入计划生育工作内容。 财政部：研究制定促进计划生育事业发展的财税政策；及时合理安排计划生育相关经费，加强财政管理和监督。 人力资源社会保障部：拟订有关计划生育工作的人力资源和社会保障政策，完善生育保险政策，建立健全城乡居民基本养老保险制度。 国土资源部：协助开展人口与资源协调可持续发展问题的研究；参与推进人口发展功能区工作；实行有利于稳定低生育水平、统筹解决人口问题的土地与资源政策。 环境保护部：开展人口与环境协调可持续发展问题的研究，提出与人口发展相适应的环境保护政策建议。 住房城乡建设部：根据人口发展，科学制定城乡规划，优化城镇布局，促进城乡人口合理流动；制（修）订有关计划生育服务的工程建设标准规范；落实计划生育特殊困难家庭保障性住房的优先安排政策。 农业部：促进农村计划生育工作与发展经济相结合，与建设文明幸福家庭相结合；在制定实施新型职业农民培育等农业政策时，对计划生育家庭给予同等优先考虑。 商务部：负责与有关国际机构和组织就人口和计划生育相关领域的合作进行联络和协调；协调有关部门在人口和计划生育领域内接受国际援助工作。 新闻出版广电总局：指导新闻出版、广播影视机构积极宣传人口和计划生育法律法规、方针政策和科普知识。 食品药品监管总局：拟订计划生育药品和医疗器械的国家标准；负责计划生育药品、医疗器械的再评价和不良反应监测工作；负责有关计划生育药品、医疗器械质量监管工作，严格监管人工终止妊娠药品市场；支持在计划生育系统引入和推广计划生育药品、医疗器械。 统计局：提供年度人口增长情况的相关数据，定期与有关部门进行和人口有关的数据交流，为开展计划生育工作的综合分析提供信息支持；做好人口综合信息发布和人口发展趋势预测工作，参与人口安全预警预报发布工作。 扶贫办：根据中国农村扶贫开发纲要的总体要求、目标任务和扶贫对象范围，制定扶贫开发与计划生育工作相结合的政策措施，促进贫困计划生育家庭温饱问题的解决。 全国妇联：教育和引导妇女自觉执行计划生育政策，实行晚婚晚育、少生优育；开展社会性别平等的宣传教育，依法保护妇女合法权益，推进社会性别比平衡。 附件2 国家卫生和计划生育委员会 计划生育兼职委员名单 李保东　　外交部副部长 朱之鑫　　发展改革委副主任 郝　平　　教育部副部长 王伟中　　科技部副部长 杨学山　　工业和信息化部副部长 黄　明　　公安部副部长 窦玉沛　　民政部副部长 王保安　　财政部副部长 胡晓义　　人力资源社会保障部副部长 王世元　　国土资源部副部长 吴晓青　　环境保护部副部长 唐　凯　　住房城乡建设部总规划师 陈晓华　　农业部副部长 王受文　　商务部部长助理 李秋芳　　新闻出版广电总局纪检组长 焦　红　　食品药品监管总局副局长 张为民　　统计局副局长 王国良　　扶贫办副主任 焦　扬　　全国妇联书记处书记
国务院办公厅关于同意建立国务院优化.docx,000014349/2022-00099,国务院组织机构\其他,国务院办公厅,2022年07月28日,2022年08月19日,国办函〔2022〕77号,国务院办公厅关于同意建立国务院优化生育政策工作部际联席会议制度的函,,,索 引 号：	000014349/2022-00099	主题分类：	国务院组织机构\其他 发文机关：	国务院办公厅	成文日期：	2022年07月28日 标　　题：	国务院办公厅关于同意建立国务院优化生育政策工作部际联席会议制度的函 发文字号：	国办函〔2022〕77号	发布日期：	2022年08月19日 国务院办公厅关于同意建立国务院优化 生育政策工作部际联席会议制度的函 国办函〔2022〕77号 国家卫生健康委： 你委《关于建立国务院优化生育政策工作部际联席会议制度的请示》（国卫人口报〔2022〕86号）收悉。经国务院同意，现函复如下： 国务院同意建立由国务院领导同志牵头负责的国务院优化生育政策工作部际联席会议制度。联席会议不刻制印章，不正式行文，请按照党中央、国务院有关文件精神认真组织开展工作。国家卫生和计划生育委员会计划生育兼职委员制度同时撤销。 附件：国务院优化生育政策工作部际联席会议制度 国务院办公厅 2022年7月28日 （此件公开发布） 附件 国务院优化生育政策工作部际联席会议制度 为贯彻落实《中共中央 国务院关于优化生育政策促进人口长期均衡发展的决定》，进一步加强对优化生育政策工作的组织领导，强化统筹协调，形成工作合力，经国务院同意，建立国务院优化生育政策工作部际联席会议（以下简称联席会议）制度。 一、主要职能 贯彻落实党中央、国务院关于优化生育政策工作的重大决策部署；统筹协调全国优化生育政策工作，研究并推进实施重大政策措施；指导、督促、检查有关政策措施的落实；完成党中央、国务院交办的其他事项。 二、成员单位 联席会议由国家卫生健康委、外交部、国家发展改革委、教育部、科技部、工业和信息化部、国家民委、公安部、民政部、财政部、人力资源社会保障部、自然资源部、生态环境部、住房城乡建设部、农业农村部、商务部、市场监管总局、广电总局、国家统计局、国家医保局、国家乡村振兴局、国家药监局、全国总工会、共青团中央、全国妇联、中国计划生育协会等26个部门和单位组成，国家卫生健康委为牵头单位。 联席会议设召集人1人，由国务院分管卫生健康工作的领导同志担任；设副召集人2人，由国家卫生健康委主要负责同志和协助分管卫生健康工作的国务院副秘书长担任；各成员单位有关负责同志为联席会议成员（名单附后）。根据工作需要，联席会议可邀请其他相关部门和单位参加。联席会议成员因工作变动需要调整的，由所在单位提出，联席会议确定。 联席会议办公室设在国家卫生健康委，主要承担联席会议组织联络和协调等日常工作。办公室主任由国家卫生健康委分管优化生育政策工作的负责同志兼任。联席会议设联络员，由各成员单位有关司局负责同志担任。 三、工作规则 联席会议根据工作需要定期或不定期召开会议，由召集人或召集人委托副召集人主持。研究具体事项时，可召集部分成员单位召开专题会议，也可邀请其他相关部门和单位、地方、专家参加。联席会议以纪要形式明确议定事项，印发各成员单位及有关方面贯彻落实，重大事项按程序报批，落实情况定期报告联席会议。 四、工作要求 各成员单位要按照职责分工，积极研究优化生育政策工作的有关问题，制定相关配套政策措施或提出政策建议；认真落实联席会议确定的工作任务和议定事项；加强沟通，密切协作，相互支持，形成合力，充分发挥联席会议作用。联席会议办公室要及时向各成员单位通报相关情况，推动联席会议议定事项落实。 国务院优化生育政策工作 部际联席会议成员名单 召 集 人：孙春兰　　国务院副总理 副召集人：马晓伟　　国家卫生健康委主任 孟　扬　　国务院副秘书长 成　　员：于学军　　国家卫生健康委副主任 马朝旭　　外交部副部长 连维良　　国家发展改革委副主任 郑富芝　　教育部副部长 张雨东　　科技部副部长 王江平　　工业和信息化部副部长 赵　勇　　国家民委副主任 陈思源　　公安部副部长 高晓兵　　民政部副部长 夏先德　　财政部副部长 王少峰　　人力资源社会保障部副部长 庄少勤　　自然资源部副部长 赵英民　　生态环境部副部长 姜万荣　　住房城乡建设部副部长 刘焕鑫　　农业农村部党组成员、国家乡村振兴局局长 郭婷婷　　商务部部长助理 田世宏　　市场监管总局副局长 杨小伟　　广电总局副局长 蔺　涛　　国家统计局副局长 陈金甫　　国家医保局副局长 徐景和　　国家药监局副局长 马　璐　　全国总工会副主席、书记处书记 汪鸿雁　　共青团中央书记处书记 蔡淑敏　　全国妇联副主席、书记处书记 王培安　　中国计划生育协会常务副会长
国家医保局 人力资源社会保障部关于印发.docx,,卫生、体育\医药管理,国家医疗保障局,2020年12月25日,,医保发〔2020〕53号,国家医保局,,通知,标  题：	国家医保局 人力资源社会保障部关于印发《国家基本医疗保险、工伤保险和生育保险药品目录（2020年）》的通知	发文机关：	国家医疗保障局 人力资源和社会保障部 发文字号：	医保发〔2020〕53号	来  源：	医保局网站 主题分类：	卫生、体育\医药管理	公文种类：	通知 成文日期：	2020年12月25日 国家医保局 人力资源社会保障部关于印发 《国家基本医疗保险、工伤保险和生育保险药品目录（2020年）》的通知 医保发〔2020〕53号 各省、自治区、直辖市及新疆生产建设兵团医疗保障局、人力资源社会保障厅（局）： 为贯彻落实中共中央、国务院印发的《关于深化医疗保障制度改革的意见》，按照《基本医疗保险用药管理暂行办法》及《2020年国家医保药品目录调整工作方案》，国家医保局、人力资源社会保障部组织专家调整制定了《国家基本医疗保险、工伤保险和生育保险药品目录（2020年》（以下简称《2020年药品目录》），现予印发，请遵照执行。有关事项通知如下： 一、《2020年药品目录》构成 《2020年药品目录》收载西药和中成药共2800种，其中西药部分1264种，中成药部分1315种，协议期内谈判药品221种。另外，还有基金可以支付的中药饮片892种。 二、加强药品支付管理 各地要严格执行《2020年药品目录》，不得自行制定目录或用变通的方法增加目录内药品，也不得自行调整目录内药品的限定支付范围。要及时调整信息系统，更新完善数据库，将本次调整中被调入的药品，按规定纳入基金支付范围，被调出的药品要同步调出基金支付范围。 协议期内谈判药品（以下简称谈判药品）执行全国统一的医保支付标准，各统筹地区根据基金承受能力确定其自付比例和报销比例，协议期内不得进行二次议价。《2020年药品目录》中医保支付标准有“*”标识的，各地医保和人力资源社会保障部门不得在公开发文、新闻宣传等公开途径中公布其医保支付标准。 三、做好目录落地工作 《2020年药品目录》自2021年3月1日起正式执行。各省（区、市）药品集中采购机构要尽早将谈判药品在省级药品集中采购平台上直接挂网采购。协议期内有同通用名药品上市的，同通用名药品的直接挂网价格不得高于谈判确定的同规格医保支付标准。规格与谈判药品不同的，直接挂网价格不高于按照差比价原则计算的医保支付标准。各省级医保部门可在同通用名药品挂网后，按规定对该通用名下所有药品制定统一的医保支付标准。 各地医保部门要会同有关部门，指导定点医疗机构合理配备、使用目录内药品，可结合医疗机构实际用药情况对其年度总额做出合理调整。加强定点医疗机构协议管理，将医疗机构合理配备使用《2020年药品目录》内药品的情况纳入协议内容。 创新工作方式方法，通过完善门诊保障政策、开通医保定点药店通道、合理调整总额控制等方式，推动《2020年药品目录》落地。各地要建立完善谈判药品落地监测制度，按要求定期向国家医保局反馈《2020年药品目录》中谈判药品使用和支付等方面情况。 各省级医保部门要加快原自行增补品种的消化工作，按要求清理不符合《基本医疗保险用药管理暂行办法》要求的品种，推进用药范围的基本统一。 《国家医保局、人力资源社会保障部关于印发<国家基本医疗保险、工伤保险和生育保险药品目录>的通知》（医保发〔2019〕46号）和《国家医保局、人力资源社会保障部关于将2019年谈判药品纳入<国家基本医疗保险、工伤保险和生育保险药品目录>乙类范围的通知》（医保发〔2019〕65号），自2021年3月1日起同时废止。在此之前，2018年谈判准入的17个药品仍按原政策由基金支付。 《2020年药品目录》落实过程中，遇有重大问题及时向国家医保局、人力资源社会保障部报告。 附件：国家基本医疗保险、工伤保险和生育保险药品目录（2020年） 一、凡例 二、西药部分 三、中成药部分 四、协议期内谈判药品部分 五、中药饮片部分 国家医疗保障局 人力资源和社会保障部 2020年12月25日
国家医疗保障局关于公布《2022年国家基本医疗保险、工伤保险和生育保险药品目录调整工作方案》及相关文件的公告.docx,,卫生、体育\医药管理,医保局,2022年06月29日,,来,国家医疗保障局关于公布《2022年国家基本医疗保险、工伤保险和生育保险药品目录调整工作方案》及相关文件的公告,,公告,标  题：	国家医疗保障局关于公布《2022年国家基本医疗保险、工伤保险和生育保险药品目录调整工作方案》及相关文件的公告	发文机关：	医保局 发文字号：		来  源：	医保局网站 主题分类：	卫生、体育\医药管理	公文种类：	公告 成文日期：	2022年06月29日 国家医疗保障局关于公布《2022年国家基本医疗保险、工伤保险和生育保险药品目录调整工作方案》及相关文件的公告 根据工作安排，现将《2022年国家基本医疗保险、工伤保险和生育保险药品目录调整工作方案》以及《2022年国家基本医疗保险、工伤保险和生育保险药品目录调整申报指南》《谈判药品续约规则》《非独家药品竞价规则》正式公布。自2022年7月1日起，在我局国家医保服务平台开通网上申报系统，请符合条件的申报主体予以关注。 附件1：2022年国家基本医疗保险、工伤保险和生育保险药品目录调整工作方案 附件2：2022年国家基本医疗保险、工伤保险和生育保险药品目录调整申报指南 2-1．申报药品摘要幻灯片要求 2-2．申报药品摘要幻灯片示例1（含经济性） 2-3．申报药品摘要幻灯片示例2（不含经济性） 附件3：谈判药品续约规则 附件4：非独家药品竞价规则 国家医疗保障局 2022年6月29日
国家医疗保障局办公室关于做好支持三孩政策生育保险工作的通知.docx,,卫生、体育\其他,国家医疗保障局办公室,2021年07月06日,,医保办发〔2021〕36号,国家医疗保障局办公室关于做好支持三孩政策生育保险工作的通知,,通知,标  题：	国家医疗保障局办公室关于做好支持三孩政策生育保险工作的通知	发文机关：	国家医疗保障局办公室 发文字号：	医保办发〔2021〕36号	来  源：	医保局网站 主题分类：	卫生、体育\其他	公文种类：	通知 成文日期：	2021年07月06日 国家医疗保障局办公室关于做好支持三孩政策生育保险工作的通知 医保办发〔2021〕36号 各省、自治区、直辖市及新疆生产建设兵团医疗保障局： 为贯彻落实党中央关于优化生育政策促进人口长期均衡发展的任务部署，积极支持三孩生育政策落地实施，确保参保女职工生育三孩的费用纳入生育保险待遇支付范围，各地医保部门要按规定及时、足额给付生育医疗费用和生育津贴待遇，切实保障参保人员生育保障权益。同步做好城乡居民生育医疗费用待遇保障和新生儿参保工作。 各地医保部门要高度重视，提高政治站位，积极采取管用高效措施办法，确保三孩生育待遇政策落实到位，主动做好正向宣传，增强参保群众获得感。遇有重大情况和问题，及时向国家医保局报告。 国家医疗保障局办公室 2021年7月6日
国家卫生健康委关于贯彻落实《中共中央 国务院关于优化生育政策促进人口长期均衡发展的决定》的通知.docx,,卫生、体育\其他,卫生健康委,2021年07月21日,,国卫人口发〔2021〕24号,国家卫生健康委关于贯彻落实《中共中央,,通知,"标  题：	国家卫生健康委关于贯彻落实《中共中央 国务院关于优化生育政策促进人口长期均衡发展的决定》的通知	发文机关：	卫生健康委 发文字号：	国卫人口发〔2021〕24号	来  源：	卫生健康委网站 主题分类：	卫生、体育\其他	公文种类：	通知 成文日期：	2021年07月21日 国家卫生健康委关于贯彻落实《中共中央 国务院关于优化生育政策促进人口长期均衡发展的决定》的通知 国卫人口发〔2021〕24号 各省、自治区、直辖市及新疆生产建设兵团卫生健康委，军队计划生育工作领导小组办公室，中直机关、中央国家机关人口计生委，委机关各司局，委直属和联系单位,中国老龄协会： 为深入贯彻落实《中共中央 国务院关于优化生育政策促进人口长期均衡发展的决定》（以下简称《决定》），现就有关事项通知如下： 一、深入学习《决定》精神 《决定》是以习近平同志为核心的党中央统筹中华民族伟大复兴战略全局和世界百年未有之大变局，着眼于加快推进现代化建设、实现中华民族伟大复兴作出的一项重大决策。《决定》充分肯定计划生育政策的伟大成就和历史贡献，充分肯定党的十八大以来调整完善生育政策取得的显著成效，强调适应人口形势新变化、推动高质量发展新要求，兼顾多重政策目标，实施三孩生育政策及配套支持措施。 《决定》提出，实施三孩生育政策及配套支持措施具有十分重要的意义，有利于改善人口结构，落实积极应对人口老龄化国家战略；有利于保持人力资源禀赋优势，应对世界百年未有之大变局；有利于平缓总和生育率下降趋势，推动实现适度生育水平；有利于巩固全面建成小康社会成果，促进人与自然和谐共生。 《决定》指出，坚持以习近平新时代中国特色社会主义思想为指导，坚持以人民为中心、以均衡为主线、以改革为动力、以法治为保障，实施三孩生育政策及配套支持措施，完善服务管理制度，提升优生优育和普惠托育服务水平，降低生育、养育、教育成本，增进家庭和谐幸福，推动实现适度生育水平，促进人口长期均衡发展。 二、贯彻落实《决定》的重点任务 （一）依法实施三孩生育政策。要深入评估本地区人口发展形势、工作基础和政策实施风险，科学制定实施方案。及时提请省级人大或其常委会修订本省（区、市）人口与计划生育条例，重点对生育调节、奖励与社会保障、普惠托育服务、计划生育服务和法律责任等相关内容进行修订。取消社会抚养费，清理和废止相关处罚规定，将入户、入学、入职等与个人生育情况全面脱钩。遵循法制统一原则，注重与上位法的协调，做好三孩生育政策实施前后奖励扶助和制约处罚措施的衔接。压实属地责任，依法依规妥善处理历史遗留问题，维护人民群众的合法权益，维护工作大局的稳定。 （二）提高优生优育服务水平。以深入实施母婴安全五项制度为主线，启动实施母婴安全行动提升计划。保障儿童健康，实施健康儿童行动提升计划和母乳喂养促进行动，加强儿童医疗保健服务，开展儿童友好医院建设。开展妊娠风险筛查，对孕产妇进行妊娠风险评估分级，严格进行高危专案管理。着力加强各级危重孕产妇和新生儿救治中心建设与管理，组建区域急救专家组，强化转运、用血等重点环节保障，畅通转诊救治绿色通道，提升临床救治能力。健全出生缺陷防治网络，落实三级预防措施。做好出生缺陷患儿基本医疗和康复救助工作。规范人类辅助生殖技术应用，强化规划引领，严格技术审批，加强技术服务监管，保障相关技术规范、有序应用。加快补齐生育相关公共服务短板，落实《“十四五”优质高效医疗卫生服务体系建设实施方案》。加强妇女儿童健康服务能力建设，增加妇产、儿科优质医疗资源供给，实现省、市、县均有1个标准化的妇幼保健机构，努力为群众提供怀得上、孕得优、生得安、育得好的生育全程优质服务。 （三）促进普惠托育服务发展。研究编制“十四五”托育服务发展专项规划，明确总体要求、主要目标、重点任务和保障措施，按年度分解重点任务，定期开展跟踪评估，推动各项政策措施落地见效。实施“十四五”公办托育服务能力建设项目和普惠托育服务专项行动，扩大中央预算内投资，支持社会力量发展社区托育服务设施和综合托育服务机构。鼓励有条件的用人单位在工作场所为职工提供托育服务，规范家庭托育服务健康发展，支持隔代照料、家庭互助等照护模式。完善托育行业国家职业技能标准和评价规范，实施从业人员能力提升专项计划。建立健全登记备案、信息公示和质量评估制度，完善综合监管，坚决守住安全和健康的底线。开展全国婴幼儿照护服务示范城市创建活动，推介一批典型经验，培育托育服务民族品牌。 （四）保障计划生育家庭权益。对全面两孩政策调整前的独生子女家庭和农村计划生育双女家庭，继续实行现行各项奖励扶助制度和优惠政策。鼓励各地探索设立独生子女父母护理假等制度。健全计划生育特殊家庭全方位帮扶保障制度，动态调整特别扶助制度扶助标准。将特殊家庭老年人作为重点群体，优先安排入住公办养老机构，提供无偿或低收费托养服务，有条件的地方可对生活长期不能自理、经济困难的发放护理补贴。鼓励各地探索建立公益金或基金，重点用于帮扶计划生育特殊家庭。完善政府主导、社会组织参与的扶助关怀工作机制，建立定期巡访制度，积极推进“双岗”联系人制度、就医绿色通道和家庭医生签约等服务，扎牢织密帮扶安全网。深入开展“暖心行动”，为特殊家庭提供生活照料和精神慰藉等服务。 （五）持续深化服务管理改革。以“一老一小”为重点，建立覆盖全生命周期的人口服务体系。加强基层服务管理体系和能力建设，增强抚幼养老功能。落实生育登记服务制度，做好生育咨询指导，推行异地网上办理、一站式办理，做好与生育保险等待遇的衔接，最大程度便利群众。会同相关部门，积极推进出生医学证明、户口登记、医保参保、社保卡申领、儿童预防接种等“出生一件事”联办。对人口发展与经济、社会、资源、环境矛盾较为突出的地区，坚持分类指导，因地制宜开展宣传倡导，促进相关惠民政策与生育政策有效衔接，精准做好各项管理服务。改革计划生育优质服务先进单位创建活动，完善创建标准，丰富创建内涵，发挥好示范引领作用。 （六）加强人口监测和战略研究。健全基层监测网络队伍，完善人口监测点，推进生育登记、孕产期保健、住院分娩、出生医学证明、儿童预防接种、居民健康档案等信息共享，加强全员人口库建设。完善国家生命登记管理制度，健全覆盖全人群、全生命周期的人口监测体系。加强与教育、公安、人力资源社会保障、民政、统计、医保等部门协作，促进人口服务基础信息融合共享、动态更新。跟踪监测生育形势和人口变动趋势，开展人口形势分析，深化人口与经济社会发展等重大问题研究。加强新时代中国特色人口学科和理论体系建设，发展人口研究高端智库。 三、切实强化实施保障 （一）加强组织领导。将贯彻落实《决定》作为卫生健康系统的一件大事，各省（区、市）卫生健康委党组（党委）要组织专题学习培训，深入领会《决定》的重大意义和精神实质，明确目标方向和主要任务，切实把思想行动统一到中央决策部署上来。要制定工作清单，明确重点任务和职责分工，主要领导亲自抓，层层传导压力，狠抓任务落实。 （二）加强工作协同。积极做好党委政府的参谋助手，完善相关议事协调机制，落实目标管理责任制，主动协调相关部门出台配套支持措施，出实招、办实事、求实效，切实解决群众后顾之忧。充分发挥计生协会等群团组织和各类社会组织在促进人口发展、家庭建设、生育支持等方面的积极作用，形成贯彻落实《决定》的合力。 （三）加强宣传引导。积极配合宣传部门，充分利用大众传媒，深入宣传计划生育工作的伟大成就，大力宣传优化生育政策的重要意义，弘扬主旋律、汇聚正能量，营造良好舆论氛围。深入开展婚育新风进万家活动，倡导适龄婚育、优生优育，构建新型婚育文化。 （四）加强调研指导。我委将深入开展工作调研，进行工作指导。各级卫生健康行政部门要做好自查工作，压实责任，确保《决定》落地见效。各省（区、市）卫生健康委要每年向我委报告贯彻落实《决定》的情况。 国家卫生健康委 2021年7月21日"
国家卫生健康委办公厅关于完善生育登记制度的指导意见.docx,,卫生、体育\卫生,卫生健康委办公厅,2021年12月09日,,国卫办人口发〔2021〕21号,国家卫生健康委办公厅关于完善生育登记制度的指导意见,,意见,标  题：	国家卫生健康委办公厅关于完善生育登记制度的指导意见	发文机关：	卫生健康委办公厅 发文字号：	国卫办人口发〔2021〕21号	来  源：	卫生健康委网站 主题分类：	卫生、体育\卫生	公文种类：	意见 成文日期：	2021年12月09日 国家卫生健康委办公厅关于完善生育登记制度的指导意见 国卫办人口发〔2021〕21号 各省、自治区、直辖市及新疆生产建设兵团卫生健康委： 完善生育登记制度，是实施好三孩生育政策及配套支持措施的内在要求，是完善国家生命登记管理制度、健全覆盖全人群和全生命周期的人口监测体系的重要举措，是强化人口服务体系建设、提升基层服务管理水平的基础性工作。根据优化生育政策工作总体要求，现就完善生育登记制度提出以下意见。 一、总体要求 深入贯彻《中共中央国务院关于优化生育政策促进人口长期均衡发展的决定》和《中华人民共和国人口与计划生育法》，坚持以人民为中心，本着依法行政、便民高效、服务引领、信息支撑的原则，完善生育登记制度，加强基层服务管理，保障优化生育政策工作，推动提升家庭发展能力，促进人口长期均衡发展。 二、着力精简登记事项 （一）完善登记流程。夫妻生育子女的，实行生育登记。 夫妻在生育前进行生育登记，也可在生育后补登。夫妻可在一方户籍地、现居住地的乡镇（街道）卫生健康工作机构办理生育登记。无法亲自办理生育登记的，可委托村居（社区）卫生健康工作人员代为办理。 （二）简化登记要求。登记时，夫妻双方一般需提供身份证或户口本等有效证件。能够通过人口健康相关信息系统获取的信息，不再要求申请人提供证明材料；暂时无法获取的，可通过当事人承诺的方式办理。 （三）全面推行网上办理。推广电子化登记，各地应普遍实现可通过网上办事大厅、移动客户端等信息平台办理生育登记。强化出生人口信息共享，打通业务链条和数据共享堵点，实现“数据多跑路、群众少跑腿”，推动网上办、掌上办、一次办。 三、改进和加强相关服务 （一）优化生育服务。充分发挥生育登记的信息引导作用，动态掌握群众生育状况及服务需求，及时提供生育咨询指导、增补叶酸、孕前优生健康检查、孕产妇健康管理、预防接种、婴幼儿照护、儿童健康管理等相关服务。 （二）方便群众办事。结合实施三孩生育政策，改进办事流程，加强政策宣传和解释，方便群众办理生育保险等事项。坚持简政便民原则，积极协调相关部门，推动相关事项办理与生育登记脱钩。 （三）推进“出生一件事”联办。完善国家生命登记管理制度，加强部门协同，大力推进出生医学证明、儿童预防接种、户口登记、医保参保、社保卡申领等多个事项联办。 （四）做好人口监测。把生育登记和出生信息统计作为出生人口监测的重要途径，推动健全覆盖全人群和全生命周期的人口监测体系，密切监测生育形势和人口变动趋势，为实施三孩生育政策及配套支持措施提供信息支撑。 四、工作要求 （一）各级卫生健康部门要高度重视完善生育登记制度工作，将其作为优化生育政策和“我为群众办实事”的一项重要内容，加强组织领导，结合本地实际推进改革创新，提高时效性和准确性。 （二）优化整合卫生健康服务资源，加强基层网络和队伍建设，加强宣传培训，做好政策衔接，提高工作效率，保障群众合法权益，最大程度便民利民。 （三）加强对生育登记制度落实情况的监督指导，及时总结推广好经验、好做法、好典型；对工作不力、敷衍塞责的，要责令限期整改。 自本指导意见印发之日起，《国家卫生计生委办公厅关于做好生育登记服务工作的指导意见》（国卫办指导发﹝2016﹞20号）即行废止。 国家卫生健康委办公厅 2021年12月9日
国家卫计委主任：全面放开生育“没有时间表”.docx,,,,,2016-03-08,,,新华社字号：默认,,国家卫计委主任：全面放开生育“没有时间表” 2016-03-08 15:58 来源： 新华社字号：默认 大 超大|打印| 新华社北京３月８日电（记者 罗沙、李汶羲）国家卫生计生委主任李斌８日在十二届全国人大四次会议记者会上表示，全面放开生育“没有时间表”。 李斌说，中国是人口大国，２０１５年总人口已经达到１３．７５亿人，做决策要从基本国情出发。目前，中国人口众多、人口与资源环境相对紧张等国情没有根本变化，所以计划生育的基本国策还要长期坚持。 “什么时候全面放开？我今天和前年的回答差不多，没有时间表。”李斌说，“生育政策会根据每一个阶段人口发展趋势来进行科学研判，根据形势的变化，及时做出调整和完善。”
国常会部署防汛救灾工作、三孩生育政策配套措施出台本周民生大事来了.docx,,,,,2021-07-24,,,中国政府网字号：默认,,国常会部署防汛救灾工作、三孩生育政策配套措施出台……本周民生大事来了！ 2021-07-24 16:55 来源： 中国政府网字号：默认 大 超大|打印| 本周关键词：防汛救灾丨三孩生育政策丨残疾人保障和发展规划丨新就业形态劳动者丨房地产市场 1 抓紧抓实防汛救灾工作，确保人民生命财产安全！ 国务院总理李克强7月21日主持召开国务院常务会议，部署抓紧抓实防汛救灾工作，确保人民生命财产安全。会议指出，近日我国多地强降雨，河南局地又遭遇极端强降雨，发生严重洪涝灾害特别是罕见的城市内涝，造成重大人员伤亡和财产损失。当前我国正处“七下八上”主汛期和防汛关键期，据气象预报，近期部分地方仍有强降雨。要贯彻党中央、国务院部署，把保障人民生命财产安全放在第一位，强化责任制，落实各环节责任。 1.组织相关专业力量，调集资金和物资，支持帮助河南全力抢险救灾，做好遇险人员搜救、伤员救治、受灾群众转移安置、遇难者善后等工作。 2.加大对重点地区防汛抗灾的支持，增派人力，备足物料，加强对大江大河、小型病险水库等水利工程堤防严密巡查和除险。做好交通设施应急预案。防范城市内涝和泥石流等次生灾害。 3.加强气象监测预警，做足防范异常天气可能导致灾害的各项准备，该避险的避险、该撤离的撤离，防患于未然，最大限度保障群众安全、减少灾害损失，确保安全度汛。 详细阅读>>7月21日的国务院常务会定了这3件大事 2 三孩生育政策配套支持措施来了！ 《中共中央 国务院关于优化生育政策促进人口长期均衡发展的决定》于近日发布，作出实施三孩生育政策及配套支持措施重大决策。《决定》要求将婚嫁、生育、养育、教育一体考虑，部署了提高优生优育服务水平、发展普惠托育服务体系、降低生育养育教育成本等方面配套支持措施。《决定》提出，取消社会抚养费，清理和废止相关处罚规定，将入户、入学、入职等与个人生育情况全面脱钩。 详细阅读>>中共中央 国务院关于优化生育政策促进人口长期均衡发展的决定 3 国务院印发《“十四五”残疾人保障和发展规划》 国务院日前印发《“十四五”残疾人保障和发展规划》。《规划》提出，到2025年，残疾人脱贫攻坚成果巩固拓展，生活品质得到新改善，民生福祉达到新水平。到2035年，残疾人事业与经济社会协调发展，与国家基本实现现代化目标相适应。《规划》提出五大项重点任务，一是完善残疾人社会保障制度，为残疾人提供更加稳定更高水平的民生保障；二是帮扶城乡残疾人就业创业，帮助残疾人通过生产劳动过上更好更有尊严的生活；三是健全残疾人关爱服务体系，提升残疾人康复、教育、文化、体育等公共服务质量；四是保障残疾人平等权利，为残疾人提供无障碍环境和便利化条件；五是完善支持保障条件，促进残疾人事业高质量发展。 详细阅读>> 国务院关于印发“十四五”残疾人保障和发展规划的通知 4 @新就业形态劳动者，你们的权益有保障！ 依托互联网平台就业的网约配送员、网约车驾驶员、货车司机、互联网营销师等新就业形态劳动者数量大幅增加，人社部等八部门共同印发《关于维护新就业形态劳动者劳动保障权益的指导意见》。《指导意见》明确，企业应当对不完全符合确立劳动关系情形、但企业对劳动者进行劳动管理的新就业形态劳动者权益保障承担相应责任。对采取外包等其他合作用工方式，劳动者权益受到损害的，平台企业依法承担相应责任。《指导意见》提出，以出行、外卖、即时配送、同城货运等行业的平台企业为重点，组织开展平台灵活就业人员职业伤害保障试点，平台企业应当按规定参加。《指导意见》强调，不得制定损害劳动者安全健康的考核指标。 详细阅读>>关于维护新就业形态劳动者劳动保障权益的指导意见 5 八部门：力争用3年左右时间实现房地产市场秩序明显好转 住房和城乡建设部等八部门日前印发《关于持续整治规范房地产市场秩序的通知》。《通知》称，力争用3年左右时间，实现房地产市场秩序明显好转。《通知》提出的整治重点包括房地产开发、房屋买卖、住房租赁、物业服务四项。《通知》要求，持续加大惩处力度，对本行政区域内违法违规的房地产开发企业、中介机构、住房租赁企业、物业服务企业、金融机构、网络媒体及从业人员，依法依规采取警示约谈、停业整顿、吊销营业执照和资质资格证书等措施，并予以公开曝光；涉嫌犯罪的，移交公安司法部门依法查处。对逾期不能偿还债务、大规模延期交房、负面舆情较多等存在重大经营风险的企业，实施重点监管，提升风险防范化解能力。 详细阅读>>住房和城乡建设部等8部门关于持续整治规范房地产市场秩序的通知 6 四部门：做好当前农业防灾减灾工作 确保粮食丰收 近日，农业农村部、水利部、应急管理部、中国气象局联合下发《关于切实做好当前农业防灾减灾工作 千方百计夺取全年粮食和农业丰收的通知》，并制定《当前农业防灾减灾保丰收预案》，千方百计夺取粮食和农业丰收。《通知》要求，各地要加强监测预警，抓好信息调度。立足于“早”，密切关注天气变化，准确分析研判气候和灾害发生趋势，及时发布预警信息。立足于“准”，实行周调度、月会商、重大灾情及时报告制度，准确掌握墒情、苗情和灾情，落实有针对性的防御措施。立足于“快”，加强应急值守，关键时期、关键岗位24小时值班，第一时间处置突发事件。 详细阅读>>四部门联合印发《通知》部署当前农业防灾减灾工作 7 教育部：加强社会成人教育培训管理！ 教育部日前印发《关于加强社会成人教育培训管理的通知》。《通知》指出，部分社会成人教育培训机构存在名称使用不规范、虚假不实招生宣传、条件和质量低下等问题，损害人民群众合法利益、扰乱教育培训市场秩序。《通知》要求，加强对社会成人教育培训的管理，指导社会成人教育培训机构根据相关法律法规规范登记和使用名称，未经批准不得擅自冠以“中国”“中华”“中央”“全国”“国家”等字词。指导社会成人教育培训机构严格按照民办学校办学许可证或法人登记证照确定的经营范围开展教育培训，不得以教育咨询、科技咨询、技术咨询、企业管理咨询等各种咨询名义开展教育培训。 详细阅读>>教育部办公厅关于加强社会成人教育培训管理的通知 8 十三部门：进一步激发女性科技人才创新活力 科技部等十三部门印发《关于支持女性科技人才在科技创新中发挥更大作用的若干措施》。《若干措施》坚持性别平等、机会平等，从培养造就高层次女性科技人才、大力支持女性科技人才创新创业、完善女性科技人才评价激励机制、支持孕哺期女性科技人才科研工作、加强女性后备科技人才培养、加强女性科技人才基础工作6个方面有针对性地提出16项具体措施，为女性科技人才成长进步、施展才华、发挥作用创造更好政策环境。《若干措施》提出，国家人才计划适当放宽女性申报人年龄限制，用人单位在同等条件下要优先推荐女性科技人才。中国科学院、中国工程院院士增选中，鼓励提名更多优秀女科学家作为候选人，在同等条件下支持女性优先入选。国家自然科学基金项目评审中，执行同等条件下女性科研人员优先的资助政策。探索在人才计划评审中，向评审专家宣传支持女性科技人才、“同等条件下女性优先”。 详细阅读>>科技部等十三部门印发《关于支持女性科技人才在科技创新中发挥更大作用的若干措施》的通知
如何完善生育支持政策体系.docx,,,,,2024-02-18,,,人民日报,,如何完善生育支持政策体系 来源：人民日报 作者：记者 白剑峰 2024-02-18 21:56:59 去年年底召开的中央经济工作会议提出，“加快完善生育支持政策体系”。当前，我国人口发展呈现少子化、老龄化、区域人口增减分化的趋势性特征。如何加快完善生育支持政策体系、以人口高质量发展支撑中国式现代化？ 国家卫生健康委人口家庭司司长杨文庄表示，今年要加强统筹协调，努力解决一批群众关切的难点、堵点问题，推动减轻家庭负担。 着力构建长效工作机制。强化统筹规划和顶层设计，建立健全领导协调机制；加强人口监测预警，跟踪研判生育形势和人口变动趋势；深化人口重大问题研究，加强政策储备；强化工作督导调度，及时总结推广地方经验做法，推动形成全国政策。 加快出台配套支持措施。2023年，国家将3岁以下婴幼儿照护个人所得税专项附加扣除标准从每个婴幼儿每月1000元提高到2000元。10多个省份在不同层级探索实施育儿补贴制度。北京、广西率先按程序分别将16项、9项辅助生殖类医疗服务项目纳入基本医保支付范围。2024年，将继续加大协调力度，从提高优生优育水平、完善生育休假和待遇保障机制、强化住房税收等支持措施、加强优质教育资源供给、构建生育友好的就业环境等方面，推动出台更多具体的支持措施。 大力发展普惠托育服务。2023年，托育服务法纳入十四届全国人大常委会立法规划。国家卫生健康委等命名第一批33个全国婴幼儿照护服务示范城市、75家全国爱心托育用人单位。中央预算内投资16亿元，中央财政支持普惠托育服务发展示范项目投入15亿元，助力托育发展。2024年，将继续争取国家财力支持，降低托育机构运营成本，增加普惠托育服务供给。健全托育支持政策和标准规范体系，加强部门综合监管，提升托育服务质量。加快推进托育服务立法，保障托育依法规范发展。 营造生育友好社会氛围。在我国传统节日和世界人口日、国际家庭日、国际女童日等重要时间节点，持续宣传弘扬新型婚育文化，破除婚嫁大操大办、高价彩礼等陈规陋习，引导树立正确的婚恋观、家庭观、生育观。全面开展健康家庭建设，培育幸福健康家庭典型。
安徽：人口出生率达17年来最高.docx,,,,,2018-02-05,,,新华社字号：默认,,安徽：人口出生率达17年来最高 二孩出生数量首次超过一孩 2018-02-05 16:50 来源： 新华社字号：默认 大 超大|打印| 新华社合肥2月5日电（记者 姜刚）记者5日从安徽省统计局获悉，根据2017年全省人口变动情况抽样调查显示，安徽省人口出生率稳步攀升，达到2000年以来最高值，同时二孩出生数量首次超过一孩，占比超过50%，总和生育率在低位水平上有所上升。 据安徽省统计局人口和社会科技统计处处长王维介绍，2017年全省出生人口87.6万人，人口出生率为14.07‰，居全国第8位。自然增长率为8.17‰，居全国第10位。人口出生率、自然增长率均达到2000年以来最高值。全省出生人口中，二孩出生人数为47.1万人，占全部出生人口的比重达53.8%。全省二孩出生人数比一孩多11.4万人。 与此同时，2017年，安徽省出生人口性别比稳步下降，总和生育率在低位水平上有所上升。总和生育率是指一个地区妇女在育龄期（15-49岁）平均生育子女数。2017年全省育龄妇女总和生育率比上年上升0.21，人口平均生育水平有所提升。 记者采访了解到，虽然安徽省“全面两孩”政策实施以来取得积极成效，但促进人口长期均衡发展仍面临诸多挑战，其中包括一孩出生数量减少、生育潜力不足、婚育观念发生改变等。2017年全省育龄妇女总数为1553.7万人，与上年基本持平，其中20-29岁生育旺盛期育龄妇女455.8万人，比上年减少14.8万人。预计今后几年全省育龄妇女总数及20-29岁生育旺盛期育龄妇女人数继续减少，将导致出生人口增量回落。 生育意愿降低也是促进人口长期均衡发展一大挑战。2017年安徽省符合生育政策的女性中，不打算生育的占54.1%，比上年上升6.2个百分点，鼓励生育二孩的相关配套政策措施亟待跟进和完善。
权威快报重磅！实施三孩生育政策及配套支持措施来了.docx,,,,,2021-07-20,,,新华社微博,,权威快报|重磅！实施三孩生育政策及配套支持措施来了 来源：新华社微博 作者：田晓航、彭韵佳 2021-07-20 19:07:17 《中共中央　国务院关于优化生育政策促进人口长期均衡发展的决定》7月20日公布，就“实施一对夫妻可以生育三个子女政策，并取消社会抚养费等制约措施、清理和废止相关处罚规定，配套实施积极生育支持措施”提出要求。扩大新生儿疾病筛查病种范围，支持有条件的地方开展父母育儿假试点，鼓励和支持有条件的幼儿园招收2至3岁幼儿……这一决定从提高优生优育服务水平等多个方面提出了覆盖全生命周期的一揽子支持举措。（记者田晓航、彭韵佳；海报设计肖循）
构建生育友好型社会　促进人口长期均衡发展.docx,,,,,,,,中国妇女报,,构建生育友好型社会　促进人口长期均衡发展 2019年02月19日 10:48:46 来源： 中国妇女报　作者： 张晨 [复制全文] 近期，国家统计局人口和就业统计司司长李希如撰文指出：我国仍处于人口总量平稳增长期，“全面两孩”政策效果继续显现，城镇人口规模和城镇化质量继续提高，劳动年龄人口下降，老龄化程度加深，但劳动力资源仍然丰富，潜力很大。保持合理的人口更替水平是国家和民族发展的重要保障，要在坚持“计划生育”基本国策的前提下，适度提高国民生育水平。 建设生育友好型社会是中国人口发展的重要选择 建设生育友好型社会是在落实“全面两孩”政策背景下，以“完善配套政策措施——促进生育政策和相关经济社会政策配套衔接”的生育友好型社会政策的制定为主体，推动构建“有利于激发生育主体的生育意愿、有利于满足生育主体的现实生育需要、有利于促进儿童和生育主体的未来发展”的整体性社会环境。生育友好型社会聚焦生育政策，关注生育主体的生育意愿和生育行为，更注重生育政策与其他经济社会政策的“配套与衔接”，是突出整体性、着眼协同性、讲究科学性、富有实操性的兼具促进性与保障性的综合性社会政策。 生育友好型社会的政策实施目标与推进路径是：人口管理服务部门、卫生医疗健康部门、人力资源保障部门等政府相关部门通过制定发布生育友好型政策，提供充足高效的生育支持公共服务和公共产品，不断深化计划生育服务管理改革，不断提升卫生计生治理能力和水平，实现卫生计生治理能力现代化；相关群众性自治组织和群众性团体组织以及公司企业、社会组织等社会主体和市场主体通过政府购买、商业服务、公益慈善等多种形式提供丰富多样的生育支持服务项目，与政府主体共同建设“人口治理与人口服务”为内涵的“生育友好共同体”；社会各部门集约力量，切实增强与生育密切相关的医疗卫生健康、托育、教育及其他公共服务资源和公共服务产品的高效供给；社会各领域协同发力，从优生优育文化宣传、母婴健康与医疗救助、婴幼儿托育，保障和增加看护、护理、照料和陪伴时间，协助解决工作和家庭平衡，减轻职业发展压力等生育主体所面临的实际问题入手，有效破解生育主体的“生育焦虑”。 推动生育友好型社会建设 服务适龄婚育主体 生育友好型社会的服务对象是我国近1亿人规模的生育旺盛期育龄妇女和家庭，推动适龄婚育是当前生育友好型社会建设的基本着力点和有效的政策发力点。 在民政婚姻登记阶段，进行人口新形势的国情普及教育和生育友好政策讲解，激发和提高适龄婚育主体的生育意愿，支持和鼓励适龄婚育主体的生育行为，直接推动适龄生育主体形成“按政策生育”的家庭决策，加快适龄婚育家庭从初婚到初育的时间进程。 在适龄婚育主体孕产阶段，联网登记备案孕产信息，及时跟进全面细致的母婴保健指导和医疗服务，全程监督检查生育休假（产假和伴产假）落实情况，启动职业发展压力社会调查，及时提供普惠性或公益性的专业孕产照料服务及孕产心理健康咨询服务，加强提供丰富多元的新生儿保健服务、母乳喂养、孕妇营养餐和亲子互动指导服务。同时，针对生育友好政策服务对象，要加大服务半径，提升服务品质，增加创新创造，满足不同婚育主体个性化需要。比如，鼓励“微营利”服务，相关社会部门可以提供专门接送孕婴的定制版“微营运”车辆服务。必要时，政府部门及相关社会部门还可以进行婴幼儿奶粉、婴幼儿生活用品、孕产用品的专项招标采购，向婚育家庭提供普惠性甚至免费提供不同孕产阶段的生育支持定向公共服务和产品。 在幼儿托育（学前教育）阶段，有关部门要把幼儿入园人数统计作为“提前工作量”，并且要充分考虑城镇化的新市民家庭子女，合理安排，有效统筹，逐渐形成地方政府保障幼儿入园属地责任制和长效工作机制，妥善解决部分区域“入园难”和“入园贵”，绝不让一个幼儿掉队，在保障入园条件充足的前提下，确保“入园安全”和幼儿的健康成长。作为生育友好型社会政策的基本考量，属地有关部门在幼儿入托前期，主动到幼儿家庭上门服务，提供属地学前教育机构名称、入园名额、入园费用以及属地待入园幼儿人数等信息，特殊情况下及时告知统筹调剂入园情况及幼儿园校车安排，同时帮助指导幼儿家庭个人所得税申报子女教育专项附加扣除、提供支持维护幼儿家庭妇幼权益保护等事宜。 2019年是我国首批“全面两孩”入园年。鉴于我国学前教育发展不平衡不充分，为提高保教质量，避免“小学化”倾向，可以考虑制作幼儿学前教育标准化课件，经有关部门审定，在全国幼儿园免费推广，亦可考虑开设广播电视“国家幼儿频道”，通过幼儿国学、幼儿艺术、幼儿科学、幼儿健康、亲子互动等节目栏目，开发启迪幼儿思维，提高幼儿保教质量。 支持和助力晚婚晚育家庭“补救式生育” “降成本、去风险”是高龄生育主体孕产的基本诉求，支持和助力晚婚晚育家庭“补救式生育”，是生育友好政策有效性基础上的周延性补充、科学性指导下的合理性支撑，是生育政策延伸性发展的应有之义。笔者认为，应注重优化辅助生殖支持等相关方面的服务管理，增加必要性的高龄孕产临床救治制度安排，并适时考虑施行晚婚晚育家庭“高龄孕产医疗保健津贴补贴（高龄孕产临床救治补助金）”或高龄孕产母婴安康强制险等全方位辅助支持手段，体现出生育友好政策的托底性，以解晚婚晚育家庭高龄生育主体“补救式生育”之忧。 此外，抑制或延缓婚育的还有接受高等教育时间延长、住房压力、职业发展压力与职业安全感、抚养及教育子女成本过高、社会保险空档或断档未能补缴、个人身体健康情况等社会性因素和个体性因素。因此，生育友好政策需要在社会实践中不断丰富和完善，需要与其他经济社会政策进一步融合式衔接。 （作者：中央党校（国家行政学院）博士后）
生育意愿有多高？产妇权益如何？计生政策会否再放开？——各地“全面两孩”政策落地情况追踪.docx,,,,,2016-01-28,,,新华社字号：默认,,生育意愿有多高？产妇权益如何？计生政策会否再放开？——各地“全面两孩”政策落地情况追踪 2016-01-28 18:18 来源： 新华社字号：默认 大 超大|打印| 新华社北京1月28日电 目前，全国各地已进入地方计划生育条例修改高峰期，“全面两孩”政策更成为近日密集召开的地方两会关注热点。截至28日，广东、湖北、天津、浙江、安徽等11个省份人大常委会已完成地方计生条例修改，明确“全面两孩”的具体实施政策。“新华视点”记者针对“全面两孩”落地的几个焦点问题进行了追踪。 生育意愿：两孩生育意愿持续走低，各种压力令不少家庭犹豫甚至放弃 “生还是不生？”这是“全面两孩”后很多家庭面临的选择。记者调查发现，不少省份在公布地方计生条例修改结果的同时，还详细公布了“全面两孩”政策实施对当地生育水平影响的预测情况。如广东省卫计委介绍，据测算和分析，“全面两孩”政策实施后，2016年至2020年广东户籍人口每年多出生15万至18万；2018年可能多出生27万左右，达到峰值，之后逐年递减。 湖北省卫计委副主任朱惠民表示，按照生育意愿调查的情况，湖北“十三五”时期出生人口相比“单独”政策下多出生50万人左右，生育释放主要集中在2016年至2018年间。 根据国家卫计委此前预计，“全面两孩”实施后，“十三五”期间每年新增出生人口在300万人左右，每年出生人口数量将在1750万至2100万人之间。 对于“全面两孩”后人口增长的预测有一个重要参考依据，就是“单独两孩”政策的落地情况。在“单独两孩”政策实施的第二年，本该出现的出生人口增长却没有如约到来。国家统计局公布数据显示，2015年全国出生人口为1655万，甚至比上年还少32万。而2014年也仅比2013年多出生47万人。因此“全面两孩”实施后，各地实际生育水平能否达到预期，引发不少地方两会代表委员热议。 “国家卫计委分析去年出生人口减少的原因，认为是羊年生肖选择与育龄妇女数量减少所致。但我个人分析，近年来越来越低迷的生育意愿影响更明显。”浙江省人大代表汪恩峰说，过去生育孩子只求吃饱带大，现在还希望能养好成才，“各种压力让家庭对生育两孩更加犹豫，或者直接放弃。” 2013年，全国29个省、区、市的生育意愿调查显示，已有一个孩子的单独家庭，希望生育第二个孩子的比例约为60%。国家卫计委相关部门负责人公开表示，“单独两孩”政策落地后，2015年初再对同样人群做调查，只有39.6%的人希望生育两孩。 不仅如此，实际生育行为其实更会远低于生育意愿水平。山东威海市符合“单独两孩”政策的家庭中，有70%明确表示愿意生育两孩，但实际申请量不足6%。浙江舟山市《2014已婚育龄群众生育意愿研究报告》显示，人们的理想生育数为1.78，政策生育数为1.59，而实际生育数仅为0.96。 河南省人口和计划生育干部学院教授张原震认为，从“单独两孩”的实施效果来看，“80后”年轻群体的生育意愿已经显著降低。 产妇权益：产假相应延长，有地方两孩津贴减少，职场容易受阻 已完成地方计生条例修改的11个省份明确，女方产假在国家规定的98天基础性产假基础上，增加30天至60天，其中四川、宁夏、山东女方产假均增加60天。不过原有一孩晚育、独生子女奖励等产假均被取消。 职场女性在生育期间收入是否会减少？不少地区在修改后的计划生育条例中明确，增加的产假，工资照发，福利待遇不变。保证福利待遇不变，主要靠生育保险中的生育津贴来填补产假期间收入减少差额。 业内人士介绍，生育保险包括产检生育医疗费用报销与生育津贴等组成部分。正常缴纳生育保险的女性完成生育后，社保部门将根据其个人生育保险缴费基数除以30，再乘以产假天数来计算。比如产前每月工资为5000元，产假为128天，则总共可获得2.1万元左右的生育津贴。 记者采访发现，全面两孩放开后，相比于生育一孩，生育两孩的产检生育医疗费用报销比例相同，但部分地区的生育津贴额度却有所减少。天津、武汉两地社保工作人员介绍，两孩计算生育津贴产假天数仍只能按98天计算，“两孩增加30天产假是计生部门的政策，社保部门尚未做出具体调整，因此仍需按原规定执行直至相关文件正式下发”。这意味着，按照每月缴费基数5000元标准计算，生两孩生育津贴要少5000元左右。 两孩生育数量增加，生育保险等基金支出额度增加，是否会对社保基金收支产生冲击？人社部社会保障研究所医保研究室副主任董朝晖表示，从近期来看，“全面两孩”政策对生育保险基金支出有一定影响，但生育保险基金前期结存较多，总体上可以承受。 相较于生育两孩获得生育补贴额度减少，职业女性关注的就业与晋升等方面的权利保障，在生育两孩中所受影响更大。一位浙江省政协委员说，他在调查中发现，有15%受访女性担心生育两孩会导致职位变动或影响职务升迁，生育加剧原本就存在的隐性就业歧视。 “到底是‘生’还是‘升’？”湖南省政协委员张琳说，生育是社会和家庭赋予女性的职责，因就业权利无法得到平等对待，很多女性正面临着比生第一胎更艰难的抉择。尽管国家相关法律法规保护怀孕及哺乳期妇女的合法权益，但由于执行力度不够、违法成本低，女性维权很艰难。 生育政策：生育数量短期不会放开，基层计生需要“生得好管得住” 从2014年实施“单独两孩”到启动“全面两孩”，中间间隔仅两年。因此，计划生育政策短期是否还会继续进行调整引人关注。 业内专家表示，判断生育数量政策是否需要调整，总和生育率1.8——即一对夫妇平均生育1.8个孩子，或将成为重要参考指标。中国人口学会会长翟振武表示，中国并非人口越多越好，也非越少越好，总和生育率维持在1.8左右，是我国人口发展战略研究中根据基本国情确定的目标。 “‘全面两孩’放开后五年内总和生育率预计将有所提高，但此后将随着受教育程度与城市化水平提升等因素缓慢下降。”翟振武说，如果此后总和生育率下降明显，就可能随之调整计生政策，甚至出台鼓励生育措施。 多次参与国家人口政策咨询的南开大学人口与发展研究所教授原新说，人口政策调整执行成效要有相当长时间才能得出结论，“十三五”期间对生育数量限制的政策调整可能性不大。 全面放开两孩并非放开计划生育。政策外生育三孩、四孩等违规行为，仍然需要缴纳社会抚养费。计划生育工作仍是基层重要工作内容。国家卫计委明确，对人口和计划生育工作主要目标任务未完成、严重弄虚作假、违法行政造成恶劣影响等情形，实行“一票否决”。 不少基层干部反映，“全面两孩”实施后，计划生育从传统管理型向服务型转变，基层计生工作面临诸多挑战。比如“全面两孩”明确可在居住地登记，而当前人口流入与流出地之间信息化衔接不足，容易出现违规超生验证难、管理难等挑战。 北京市人大代表、北京大学社会学系人口学教授陆杰华等业内专家表示，“全面两孩”政策在各地陆续落地后，一方面需要相关配套政策及时出台，加大医疗、教育等领域的投入与建设；另一方面还应在计生工作中加快信息化建设，使全面两孩既能“生得好”，计生工作又能“管得住”。（记者 李劲峰、张乐、肖思思、李江涛）
蔡昉：打破“生育率悖论”.docx,,,,,2022-04-10,,,世界银行数据库，https://,,"蔡昉：打破“生育率悖论” 2022-04-10 11:26 摘要：生育率随经济社会发展水平的提高而下降，是一个各国普遍观察到的现象。同时观察到的事实则是，生育率长期处于较低水平，则导致人口老龄化不断加深，反过来削弱经济增长潜力，拖慢经济社会发展的步伐。由于研究者对于生育率变化决定因素的规律尚未充分认识，在解释这种不对称乃至对立的因果关系方面颇显捉襟见肘，构成一个所谓的“生育率悖论”。本文通过援引国际经验和分析中国的特殊人口转变过程，尝试揭示中国目前形成的极低生育率不是一种宿命。通过更完整的经济社会发展，或通过人类发展指数的提升，特别是有针对性地解决制约家庭发展的诸因素，拓展家庭资源预算曲线，可以预期生育率朝着更替水平（同时也是意愿水平）的反弹，从而打破生育率悖论。 关键词：老龄化 生育率 家庭发展 人类发展 一、引言 至少在20世纪40年代，人口转变理论便已经成型，富有说服力地揭示了人口出生率和增长率变化的趋势和机理，预期人口生育率将随着经济发展而降低（Caldwell, 1976）。然而，20世纪50年代到70年代的学术界和舆论界并未受其影响，仍然产生了对发展中国家“人口爆炸”的强烈担忧，并集中出现了一系列要求对人口增长采取控制手段的激进主张，一时间此类成果可谓汗牛充栋。这种思潮的代表性人物或者尚未接触到人口转变理论，或者不愿意接受其生育率下降的结论，因而也未能预见到自那之后，无论在发达国家还是在发展中国家，生育率均先后经历了持续的下降；与此同时，作为经济发展综合性指标的人均国内生产总值，在这两类国家都经历了大幅度的提高。 随着世界经济整体增长以及区域格局的变化，经济学家根据新的经验证据，开始摒弃各种版本关于人口与经济增长关系的研究范式，特别是揭示了人口红利对经济增长的显著贡献。例如，从20世纪90年代开始，以一些哈佛大学教授为代表的经济学家，在理论解释和经验验证方面做了一系列开创性的工作，在研究中发现了人口抚养比在经济增长中的显著贡献，特别是发现以这个变量为代表的人口因素，在后起国家赶超先行国家的发展过程中发挥了决定性的作用，由此形成了著名的人口红利学派。一些中国问题研究者也借鉴了这种研究范式，通过经验研究发现人口红利的贡献，显示这个理论对于中国改革开放时期的高速增长源泉，具有极强的解释力。 至少对于发展中国家或赶超型国家的发展实践，人口红利理论是迄今人口经济学诸家学说中理论解释力最强、也最贴近经济发展特征化事实的一个研究流派，也为学者提供了有益的研究范式。然而，正如在特定时期、针对特定问题具有解释力的经济学理论，终究不可能在任何时点上总能包打天下，我们也不应该苛求人口红利理论成为解锁人口与经济关系之谜的万能钥匙。实际上，由于该理论本身存在的先天不足，面对人口转变新阶段上出现的新问题，在理论解释和政策建议上显现出一定程度的捉襟见肘。下面，本文简单概括人口红利理论的这类不足，以便能够以更加开放的态度，借鉴各种可供互补的分析框架和分析工具，结合历史逻辑、理论逻辑及现实逻辑对人口与经济关系做出更全面的认识，进而为解决当前的问题提出有益和有效的政策建议。 首先，人口红利研究范式与主流增长理论之间缺乏良好的衔接，不可避免地降低了自身认识人口与增长关系问题的广度和深度。这方面的研究局限表现在对人口因素直接影响经济增长的变量选取上面。例如，大多数研究用人口抚养比作为人口红利的代理变量，将其纳入经济增长核算模型，观察其影响的显著性和幅度。这样，人口红利研究便把分析范围做了自我限制，未能看到抚养比这个人口变量之外的变量，甚至很多增长核算和增长回归中采用的传统变量，其实也是与人口因素相关的。 实际上，人口变化特别是年龄结构的变化不仅影响劳动力供给，还影响人力资本改善速度、储蓄率和资本回报率、资源重新配置效率进而影响劳动生产率和全要素生产率等（Cai, 2019）。由于未能在与新古典增长理论逻辑进行衔接的基础上充分理解进而解释清楚人口红利，这种理论范式便失去对前者进行颠覆性修正或革命性发展的良好机会，使人口红利理论在增长理论中始终处于相对边缘的地位。 其次，人口红利研究范式仅仅关注人口因素影响经济增长的供给侧效应，而尚未进入研究需求侧效应的层面。诚然，在很长的时间里人们观察的经济发展事实，大多是一些国家和地区通过兑现人口红利，从供给侧获得额外的增长源泉，实现超常规的高速增长。因此，这个领域的理论假设和经验研究，一方面，是论证和检验人口红利提高潜在增长能力的经验；另一方面，则是警示和揭示人口红利消失后潜在增长率将会降低的事实。 然而，随着全球范围人口老龄化，以及一些发达经济体进入人口负增长时代，人口因素带来新的冲击更多表现在需求侧。无论是如日本这样的人口转变先行国家，还是中国作为赶超者迄今已经呈现的趋势，都表明在人口转变的两个重要转折点中，第一个转折点即劳动年龄人口峰值，主要从供给方面造成对经济增长的冲击，而第二个转折点即总人口峰值，对经济增长的需求侧冲击效应则更为突出。如果能够把需求侧的因素统一到人口红利理论的逻辑中，该理论对现实的针对性和解释力可以显著增强。一方面，可以与长期停滞这个主流的命题找到共同点；另一方面，也可以在对该命题的研究做出独特贡献的同时，进一步完善和充实自身理论框架。 再次，人口红利研究范式具有把人口红利永恒化的倾向。既然以抚养比作为人口红利的定量性指标，按照人口转变的逻辑和进程，这个因素终究会逆转到不利于经济增长的方向。于是，这个领域的代表性作者提出第二次人口红利的概念，便脱离了以往的逻辑轨道。他们主要从保持储蓄水平的角度探讨第二次人口红利，认为由更多大龄劳动者和老年人口组成的人口，将会产生强大的储蓄动机，因而保持经济增长源泉。在他们看来，随着第一次人口红利的作用发挥殆尽，第二次人口红利随即出现并将永远地存在下去。这种所谓第二次人口红利理论，分别在方法论上和现实针对性上存在着缺陷。一方面，他们认为的第二次人口红利源泉，并不是来自有利的人口因素，这种泛人口红利论实际上会削弱人口红利理论本身。另一方面，事实上老龄化带来的重大挑战并不是储蓄不足，而是作为长期停滞主要特征之一的过度储蓄。因而，这种所谓的第二次人口红利，其实并不是什么所要收获的“红利”。 最后，人口红利研究范式没有在如何推动生育率向更替水平方向反弹这个课题上面投入足够的研究热情和研究资源。鉴于这个理论框架本身就是以生育率单向变化为基础的，希冀其在生育率回升问题的研究上取得突破或许并不现实。但是，由此而产生一个理论上的难点即“生育率悖论”，终究需要研究者给出答案。本文可以从三个层次上看这个悖论：第一，生育率因经济社会发展而降低，但是在其降低到一定程度后，却反过来阻碍经济社会发展；第二，与上面这个逻辑相似的是，生育率虽然可以被看作是经济社会发展指标的函数，然而，一旦把时间的动态变化，以及其他外生的影响因素考虑在内，却无法得出经济社会发展是生育率的反函数的结论；第三，生育率和经济社会发展之间的关系既不是线性的，也不是没有下限的。实际上，虽然在诸多国家总和生育率都突破了2.1这个更替水平，但是迄今总和生育率低于1的情形却极为鲜见。从这些方面来看，所谓的生育率悖论，其实反映的是人们在特定阶段的一种认识状态，或者说只是提出一个未解的命题，希望得到研究者的更多关注。 这个命题固然涉及各国都存在的一般现象，本文则更着眼于从一般规律中探寻中国经验的特殊性和具有针对性的解决方案。虽然归根结底是生育率下降的不同阶段决定了人口红利的出现和消失，但是，不同国家人口转变仍然存在差异性和独特性。例如，中国生育率的下降，既是经济社会发展作为基本驱动力这个一般规律的结果，也受到严格执行的计划生育政策的特有影响。因此，目前极低的总和生育率，很可能包含着生育意愿受到抑制的历史影响。也就是说，无论是从一般规律的角度，还是从国家特殊性的角度，都值得对生育率反弹的可能性进行探索。 此外，在学术界还有一种研究倾向，即针对关于人口老龄化对经济增长不利影响的研究，一味地持否定的态度，往往采用以下这些标志性的论证方法：第一，针对劳动年龄人口负增长的事实，通常会指出劳动年龄人口的总规模将保持庞大，以此否认人口红利减弱或消失的不利影响；第二，针对人口数量达到峰值进而转入负增长的预期，通常会指出人口总规模将足够大，以此否定任何不利的警示；第三，针对劳动力短缺从而比较优势减弱的事实，通常会指出强化人力资本可以提高劳动者质量，从而弥补数量的不足。 例如，一项最新的研究认为，低生育率不会阻碍中国经济增长的结论。其基本论证就是如此，即在老龄化条件下，仍然可以通过提高人力资本、劳动参与率和生产率促进经济增长。政策含义则是，中国不应该把政策重点放在寻求提高生育率上面。这类研究因其方法论的缺陷，不可避免产生对其他研究结论的一些误解，因而自身的结论也就难免产生误导。 首先，当人们揭示一种诸如人口红利消失这样的不利变化倾向时，一个基础性的方法论前提，便是假设在其他条件不变的情况下，仅因人口结构的变化会使经济增长遭受冲击。老龄化无疑是与劳动力短缺相联系的现象，同时却并不注定是与人力资本改善加快、劳动参与率和生产率加快提高相伴随。所以，指出人口红利消失的挑战，无非是提示以往推动经济高速增长的因素正在或已经丧失，同时并不否定，反而恰恰是为了强调探寻其他更可持续增长源泉的必要性和紧迫性。 其次，事实上，恰恰是在人口红利消失的条件下，其他诸多经济增长因素也发生逆转，在宏观意义上的生产函数中显示出，经济不再能够保持以往的增长速度。例如，随着新成长劳动力的减少，劳动力存量的人力资本改善速度显著减慢；老年人口和大龄劳动力比重提高，天然地具有降低劳动参与率的效果；随着传统比较优势的弱化和丧失，容易产生低生产率企业不能退出经营，形成资源配置的僵化；制造业比重早熟型降低，劳动力出现过快过早向生产率更低的服务业转移，造成资源配置的退化，都使生产率提高遭遇更大的困难（蔡昉，2021b）。 最后，中国经济发展的前途固然不能把宝完全押在生育率的提高上面，但是，撇开人们的生育意愿可能受到某些因素的抑制不说，提高生育率的政策努力并不妨碍人力资本的积累、劳动参与率的提高和生产率的改善。事实上，提高生育率的政策意图与这类目标恰恰是相容和一致的。这个观点将在本文的其他部分予以论证和检验。 因此，本文将既指出中国低生育率带来的长期挑战，也探讨通过改革和政策调整促使生育率反弹的可能性。在第二部分，本文将从一般趋势和国际经验的角度，讨论趋势性下降的生育率可能出现反弹或回升的条件。国际经验表明，这些条件最突出地表现为性别平等得到更加关注的高度人类发展水平。第三部分结合国际经验讨论中国在进入程度更深的老龄化阶段，即从老龄化社会转变到老龄社会的新挑战和应对的紧迫性。第四部分重点论证极低生育率并不是中国的宿命，从分析家庭发展的制约因素着眼，揭示出可以挖掘生育潜力的机会。第五部分是对本文的结论进行概括，并讨论其政策含义。 二、生育率只能线性且单调下降吗？ 随着人均收入的提高，生育率持续性下降，已经成为一个普遍观察到的特征化事实。在图1中，本文根据世界银行数据和定义，分两类国家即一类为高收入国家，另一类为低收入和中等收入国家，展示人均收入与总和生育率之间的关系。图1中展示的是以1960年为基期的人均GDP指数和总和生育率指数变化。其中，人均GDP是按照2015年不变美元计算，总和生育率（TFR）系指平均每个妇女终身生育的孩子数。从图1中可见，自1960年以来，高收入国家在人均GDP继续增长的同时，TFR持续降低；低收入和中等收入国家在人均GDP赶超增长的同时，TFR从20世纪60年代中期之后也开始降低，并且以更明显的幅度进行。 图1 世界范围人均收入提高与生育率下降 资料来源：世界银行数据库，https:// data. world bank. org/。 进一步，本文还可以根据世界银行的定义，分别从高收入、中等偏上收入、中等偏下收入和低收入四类国家分组，观察人均收入增长与生育率变化情况。高收入国家平均人均GDP在1960年已经达到11518美元，TFR为3.03。随后，在1975年生育率下降到可以维持人口稳定的更替水平2.10之下，这一年的人均GDP为19006美元；2019年，这组国家的人均GDP平均水平为43001美元，TFR降低到1.57。中等偏上收入国家的TFR从1965年5.53的基础上开始降低，这一年的平均人均GDP为1326美元；1994年在人均GDP达到2990美元时，TFR降到更替水平之下；2019年人均GDP为9527美元，TFR降低到1.83。中等偏下收入国家的TFR是在1962年5.98的基础上开始降低，当年人均GDP仅为626美元；2019年人均GDP提高到2365美元的情况下，TFR为2.69，仍在更替水平之上。低收入国家的TFR是在1972年6.75的基础上开始下降，世界银行数据库中没有这组国家当年的人均GDP平均数据；2019年低收入国家人均GDP为745美元，TFR为4.57，仍然大幅度高于更替水平。 一般认为，20世纪50年代以后世界经济进入一个大趋同的时代（Spence, 2011），90年代之后在经济全球化进入新一轮高潮期间，世界经济也呈现出明显的趋同。也就是说，发展中国家总体上实现了比发达国家更快的人均GDP增长（蔡昉，2019）。这个发展事实的另一个角度，则是发展中国家生育率的下降速度也显著快于发达国家。全世界生育率的普遍下降，最终必然导致全球人口的老龄化。根据联合国提供的2019年修订版人口数据，全世界65岁及以上人口占比（即老龄化率）从1960年的4.97%提高到了2020年的9.32%。而且，所有四个收入组国家的平均老龄化率都提高了，其中，高收入国家和中等偏上收入国家老龄化程度最高，2020年分别达到18.6%和11.1%（UNDESA, 2019）。 虽然各国之间仍然有着巨大的差异，但是，人口变化趋势对经济增长的不利影响已经得到广泛的关注，也成为学术界的一个重要研究课题。这些相关的研究包括在两个方向上进行的讨论：其一，既然人口转变归根结底是符合规律的必然趋势，因此，需要研究如何在老龄化背景下应对经济增长的长期停滞现象，特别是应对低通货膨胀率、低长期利率和低经济增长率这些刻画世界经济新常态的特征；其二，生育率的持续下降未必是一种普遍性的宿命，至少就一些国家而言，仍然有机会延缓生育率的过快降低，甚至在一定程度上以及在一段时间内实现生育率的反弹。 在从经济学角度探讨如何消除人口变化对经济增长产生的阻碍效应的同时，也有必要从人口自身的变化规律，看一看有什么可以挖掘的潜力，促使生育率朝着更替水平回升。人口老龄化要想逆转，终究需要生育率回归到更替水平之上。这似乎是一个“不可能的任务”。或许有人会认为，严肃的研究者和正视现实的政策制定者，并不应该给自己提出回归更替水平生育率的目标。那么，应该提出怎样的生育率目标，才算是现实可行的呢？可以从世界范围看一看生育率现状、这个现状与可能的生育意愿之间的差距，以及相关的决定因素。 联合国经济和社会事务部人口司从诸多调查中发现，无论当下的生育率是高是低，各国受访家庭倾向于表达出的生育偏好大约为两个孩子。也就是说，在不存在特别的制约因素的条件下，意愿生育率大体上与更替水平生育率是一致的。可以结合图2显示的各国实际TFR与更替水平TFR之间的关系，看一看对于高生育率国家和低生育率国家来说，分别是哪些因素促进或制约实际生育率向偏好水平收敛。 图2 各国总和生育率及与更替水平的差距 资料来源：世界银行数据库，https:// data. world bank. org/ indicator/ SP. DYN. TFRT.IN；UNDESA(2019)。 目前仍然具有高生育率的国家，大多也经历了生育率的逐年下降过程，恰好与发展中国家加快经济增长、大幅度减贫的过程相对应。这些都可以通过跨国数据予以直接观察。此外，根据世界银行提供的数据，本文对比了数十个低收入和中等收入国家的“希望生育率”和实际生育率，这些国家这两个生育率的简单平均值分别为3.26和3.78。也就是说，如果能够避免那些家庭并不希望出生的孩子数，这些国家和地区的平均生育孩子数可以减少0.52个，或者生育率降低13.7%。而且，越是贫穷的国家，希望的孩子数与实际的孩子数之间差别越大，例如，在联合国定义的最不发达国家，希望生育率为3.41，而实际生育率为4.06。一篇根据对195个国家和地区人口趋势进行研究的论文指出，这类国家生育率长期下降的驱动力，80%可归结为妇女受教育程度和避孕用具可获得性的提高。 研究表明，对于那些低生育率国家来说，如果能够处理好或者消除阻碍生育的因素，如促进性别平等和妇女赋权以及提高生育健康服务等，生育率依然可望实现适度反弹（UNDESA, 2019）。特别是有研究表明，包括人均GDP、受教育水平、预期寿命等生活质量内容在内的人类发展水平，既是一定时期内生育率下降的诱因，也可能在更高水平下成为生育率反弹的条件。这些作者利用100多个国家的长期数据揭示，如果在实现很高的人类发展水平的同时，还能够满足性别平等这个条件，女性在其生殖年龄稍晚时期的生育率会得到提高。也就是说，不具备性别平等这个条件的话，仅有人类发展水平的一般性提高，也不足以促使生育率出现反弹。由此得出的结论是，提高生育率需要处理好工作和家庭的平衡关系。 三、从老龄化社会到老龄社会的转变 在国际比较的层面上定义老龄化也好，区分老龄化的程度也好，都需要一些定量性的描述。联合国在1956年的一份报告中，第一次从年龄构成的角度界定人口类型，把老龄化率在4%以下的人口称为“年轻型”（young），4%~7%之间为“成熟型”（mature），7%以上为“老龄型”（aged）（UNDESA, 1956）。后来，一般认为世界卫生组织进一步对老龄化做出了程度上的划分，即老龄化率超过7%的国家或地区被定义为“老龄化社会”（aging society），老龄化率超过14%为“老龄社会”（aged society），老龄化率超过21%便是进入了“极度老龄社会”（super-aged society）（转引自Okamura, 2016）。 中国的老龄化率在2000年即达到7.0%，标志着进入了老龄化社会。从那以后老龄化就成为中国人口变化的主旋律。第七次人口普查数据显示，中国的老龄化率在2020年达到13.5%。如果按照过去20年的老龄化平均速度，中国的老龄化率在2021年即超过14%，标志着进入老龄社会。即便出现任何数据上的调整，使这个标志性的时刻略微延迟，也不会影响做出中国进入老龄社会的总体判断。需要讨论的是，中国从老龄化社会进入老龄社会的转折，究竟会出现什么样的经济影响，这个影响的性质与迄今所观察到的影响有什么不同，以及这种影响的显著性。 应该说，自2000年进入老龄化社会后，中国的老龄化速度在2010年之前相对平缓，仍然享受了一段时间的人口红利。只是在2010年劳动年龄人口达到峰值之后，老龄化速度才加速攀升。在2010—2020年间，中国经济面临的增长挑战主要来自供给侧，即伴随着劳动年龄人口负增长，生产要素供给和配置均发生逆转性变化，导致潜在增长率的显著且持续性下降。在这期间，实际增长率与潜在增长率是相符的，意味着没有出现制约经济增长的需求侧冲击现象（Cai, 2021）。然而，一旦中国进入老龄社会，则将面临崭新且严峻的需求侧挑战。 为了更清晰地给中国人口的老龄化做出一个定位，以便认识面临新挑战的现实性和严峻性，不妨与日本的经历做一个对比观察（图3）。日本早在20世纪70年代初便进入老龄化率超过7%的老龄化社会，20年后于90年代初进入老龄化率超过14%的老龄社会。1995年，日本在老龄化率达到14.3%的同时，15~59岁劳动年龄人口达到峰值。也正是从20世纪90年代开始，日本经济进入其“失去的年代”。研究表明，在20世纪90年代到2010年之前，即在“失去的二十年”期间，日本经济增长面临的主要还是人口红利消失造成的供给侧冲击，只是在逐步接近2010年的人口峰值（当年老龄化率也达到22.5%）的过程中，以及在随后的人口负增长期间，日本经济才遭遇到更为明显的需求侧冲击，并且呈现出经济增长“长期停滞”或“日本化”的典型特征（蔡昉，2021a）。 图3 日本总人口、年龄结构和老龄化 资料来源：UNDESA(2019)。 日本经济学家曾用四个特征来刻画经济“日本化”现象，或者说日本经济停滞的特征性表现，即：第一，实际增长率长期低于潜在增长率；第二，自然真实利率低于零，也低于实际真实利率；第三，名义（政策）利率为零；第四，通货紧缩或负通货膨胀率（Ito, 2016）。这与其他经济学家特别是这个理论的代表性人物萨默斯，在探讨老龄化导致世界经济长期停滞时所作的概括基本一致。由此得出的启示是，正如作为曾经的第二大经济体日本在率先进入极度老龄社会表现出的那样，老龄化加深和人口负增长，给一个国家的经济增长带来巨大的需求侧冲击，表现为社会总需求成为常态的经济增长制约因素，以致经常性地出现实际增长率低于潜在增长率的负增长缺口。 中国的总和生育率早在1992年就降低到2.1的更替水平之下，并且在那之后继续处于下降的过程。这就意味着在经历或长或短时间的人口增长惯性之后，中国人口终将到达峰值。事实上，人口自然增长率自1987年达到16.61‰最高点之后持续且大幅降低，2020年已经降至1.45‰，距离人口峰值只有一步之遥。进入老龄社会和人口负增长时代这个变化，给中国经济带来的挑战，不仅是正在经历的人口红利消失造成的供给侧冲击的增强，而是进一步加剧的供给侧冲击与需求侧冲击的叠加，并且需求制约将日益成为经济增长面临的主要挑战。在应对这种叠加性冲击的诸多任务中，促进生育率向更替水平及期望水平回升，固然是一个长期的任务，需要有足够的历史耐心；然而，鉴于这项任务也与促进共同富裕目标具有相同的方向，同时可以达到改善民生、促进消费需求的效果，因此，应该尽早着手并不遗余力地予以推进。 四、破除中国极低生育率的宿命 根据上文分析，可以做出以下假说性的判断，同时予以进一步的检验：第一，国际经验已经显示这样的趋势，在很高的人类发展水平和性别平等水平条件下，生育率趋于从过低水平向2.1的更替水平收敛；第二，中国家庭仍然具有在或大或小的程度上未得到满足的生育意愿，因而生育率具有从目前极低水平向上反弹的独特潜力；第三，着眼于提高基本公共服务水平和促进性别平等，在社会范围和家庭内部创造更为合意的职业与“三育”（生育、养育和教育子女）之间的平衡，中国的总和生育率有望得到恢复。按照以上假说，本文以图4来说明中国家庭在职业发展和“三育”之间的取舍权衡关系。 图4 家庭的职业发展与“三育”之间的取舍权衡 本文假设存在着一个与生育2.1个孩子相对应的无差异曲线Id，这条曲线上的各个选项（所有的点）既符合家庭期望的生育水平，也符合家庭期望的职业发展目标，可以称之为“期望的家庭发展无差异曲线”。为了满足这个组合上的家庭效用，家庭需要具有与之对应的时间和收入，这里把这个条件表达为家庭资源的预算曲线Bd，并称之为“期望的家庭预算曲线”，其与Id的相切点即是家庭使用自身拥有的资源，同时满足职业发展和“三育”期望的家庭发展理想选择。这个“期望的家庭预算曲线”，通常包括由充分的社会流动予以保障的职业成就，以及与此相关的收入水平、与社会必要水平相符的生活质量，进而与发展阶段相符合的社会福利水平。 如果现实的家庭可动用资源不足以满足家庭发展的期望水平，或者说家庭发展能力受到一个比Bd小的家庭预算曲线，譬如可以称为“受到制约的家庭预算曲线”（即图中Br）的制约，则家庭只能以此预算曲线去对接（相切）小于Id的无差异曲线或“受到制约的家庭无差异曲线”Ir。这个新的选择空间便产生以下结果：第一，家庭成员特别是其中的劳动年龄女性职业发展受到阻碍，或者至少不尽符合本人的期望水平；第二，与合理的预期相比，家庭的收入水平颇显拮据，生活质量不尽如人意；第三，实际生育的孩子数低于期望的水平，或者说受家庭资源约束下的现实生育意愿，低于假设不存在过紧预算约束的理想生育意愿。 不幸的是，家庭预算相对于经济发展阶段过于拮据，从而制约职业发展、降低生育意愿，最终表现为对家庭发展的阻碍，并不是一种假设的情形，而是目前中国很多家庭特别是年轻夫妇面临的无奈现实。在此前的一项研究中，笔者结合不同的调查数据，观察在女性的生育年龄（15~49岁）和生育旺盛年龄（20~34岁）期间，中国居民家庭的劳动收入和无报酬劳动比例情况，发现在整个生育旺盛期，无论男女劳动者均未达到职业地位和收入水平的高点。与此同时，女性从事家务劳动和照料活动等无报酬劳动的时间却节节上升（蔡昉，2021c）。把这种加总的情形转化为现实中年轻家庭的实际状况，意味着其面临着最为拮据的财务和时间预算约束，存在着在职业与“三育”之间的窘迫取舍替代。 可以说，这种状况是特定发展阶段的现象，特别是与一定的人类发展水平密切相关。根据联合国开发计划署（UNDP, 2020）的数据并进行适当的推算，本文可以观察女性的劳动参与率和从事家务劳动时间占比，并将中国与其他国家和地区进行比较（图5）。以每天24个小时这个总时长为基准，中国女性用于无报酬家务劳动的比例是11.1%，略低于各国该比例的算术平均值12.5%的水平。然而，中国女性的劳动参与率高达60.5%，显著高于各国的算数平均值51.6%的水平。同时又由于中国女性花费在家务劳动上的时间比例是男性的2.6倍，可见中国女性的家务劳动负担是比较重的。这种就业责任和家务负担都很重的状况，无疑成为目前中国的家庭生育意愿过低，并且实际总和生育率极低的重要原因。 图5 女性劳动参与率和家务劳动占比的国际比较 无论是从已有的国际经验，还是从中国家庭发展中职业与“三育”之间取舍权衡中的现状，都可以让本文得出中国极低生育率并非宿命的结论。从图4来看，通过提高人类发展水平，把受到制约的家庭预算曲线提高到期望的家庭预算曲线的水平，即从Br到Bd的移动，从而达到更高的效用满足水平，即家庭无差异曲线从Ir到Id的提升，生育率即有望得到提高。不过，根据国际经验，这里所说的提高人类发展水平，并不仅仅是从综合性的人类发展指数意义上而言，而是有着颇为严格的具体条件。例如，Myrskyla et al（2011）的研究显示，足够高的人类发展指数与性别平等程度的结合——一方面确保家庭作为一个整体资源预算的充足性，另一方面不造成家庭内部的职业与“三育”取舍权衡中对女性的歧视——构成生育率回升的关键驱动力。 五、结语和政策建议 中国的生育率下降是改革开放时期经济社会高速发展的结果，也是符合一般规律的现象。与此同时，低生育率及其导致的老龄化不断加深的后果，也产生了对经济增长的制约效果。“解铃还须系铃人”，生育率适度向更替水平的回升也需要经济社会的进一步发展。根据国际经验，这里所说的经济社会发展水平，更恰当的表达指标即为人类发展指数。按照设计初衷、理论定义和统计方法，人类发展指数从内涵上是经济增长和社会发展的统一，在统计意义上是更加丰富反映经济社会进步诸多指标的一种集成，在促进途径上要求把社会流动和政府提供社会福利进行有机统一。 改革开放以来，中国的人类发展建立在经济社会高速发展基础上，立足在发展中保障和改善民生：一方面，市场在资源配置中发挥决定性作用，在初次分配领域突出激励和效率，另一方面，更好发挥政府作用，特别是在再分配领域更加强调公平。可见，这个体系和机制与促进共同富裕的要求是一致的，也是打破“生育率悖论”的实践抓手。然而，正如经济增长并不能指望“涓流效应”自动解决收入分配问题一样，通过促进人类发展推动生育率回升也不会是自然而然的，而需要针对中国家庭面临的现实制约，在政策实施中更贴近问题，才能取得实际效果。 中国生育率回升的潜力蕴藏在以下方面，更有针对性的政策工具也应该据此进行设计：第一，在推动生育率下降的中国因素中，既有经济社会发展这个规律性的驱动力，也有计划生育政策的特殊驱动力。随着政策的不断放宽和辅助配套政策的激励，那部分被抑制的生育意愿终究会被释放出来。第二，中国的人类发展水平固然提升很快，2019年已经达到0.765，位于“高人类发展水平”的行列中，并且人类发展水平的排位比按购买力平价计算的人均GDP排位更加靠前；但是，距离生育率可能回升的转折点水平仍然有差距。一般来说，生育率触底并且回升的情形，至少要发生在人类发展指数达到0.80~0.85之间，这属于“极高人类发展水平”的行列。第三，在人类发展水平一般性提高的同时，还需要特别关注提升性别平等程度，才能创造出生育率下降的更直接条件。这方面，中国虽有良好的基础，但进一步改善还任重道远。 党的十九大提出在幼有所育、学有所教、劳有所得、病有所医、老有所养、住有所居、弱有所扶上不断取得新进展的要求，这七个“有所”既与人类发展水平的提高方向是一致的，也对居民的基本公共服务内容有更为广泛的覆盖。顺应新发展阶段的新挑战和新要求，中央财经委员会第十次会议强调，在高质量发展中促进共同富裕，正确处理效率和公平的关系，构建初次分配、再分配、三次分配协调配套的基础性制度安排。从一般规律来看，中国已经进入再分配力度明显提高、社会福利体系加快建设的发展阶段；从特殊针对性来看，中国在未富先老国情下形成的极低生育率，提出了通过提高基本公共服务水平和均等化，促使生育率向期望生育意愿回升的紧迫需要。中国作为人口规模最大的国家，曾经经历过人类历史上最大规模的劳动力流动和最大规模的人口转变，也可以创造最大规模的生育率回升。 (注和参考文献略) 作者：蔡昉，中国社会科学院学部委员 来源：《经济学动态》2022年第1期"
调整生育政策 适应时代发展.docx,,,,,,,,光明日报,,调整生育政策 适应时代发展 2021年06月20日 12:36:18 来源： 光明日报　作者： 李轶楠 第七次全国人口普查结果显示，2020年中国育龄妇女总和生育率为1.3，自2010年第六次全国人口普查以来首次低于1.5。国际上通常认为总和生育率1.5左右是一条“高度敏感警戒线”，如持续低于该水平，就有跌入“低生育率陷阱”的可能。根据《国家人口发展规划(2016—2030年)》，2030年中国总和生育率预期目标为1.8，这与当前水平仍有一定差距。 目前，我国庞大的人口总量和有限的国土面积，人口和资源环境之间紧约束的关系仍然存在，社会发展存在一定的压力和阻力，因此需要采取稳步推进的策略，适度放开生育政策。三孩政策的实施，适合当下我国的现实社会环境，能够缓解相关社会矛盾，激发民众的生育动力，为未来的生育政策改革与社会发展打好基础。 我国调整生育政策，是主动适应时代变化，有利于推动人的全面发展，更好地促进社会发展进步。人的自由全面发展是马克思主义理想社会的根本价值，是人类总体发展必不可少的组成部分，也是衡量社会进步的尺度。从家庭的角度看，个体有生育、养育孩子，延续家族的传统需求，有生育欲望。从社会的角度看，社会是由人组成的，没有了人，社会也就无从发展，要解决生殖繁衍、社会存续的根本问题。当前，我国正处于人口大国向人力资本强国转变的重大战略机遇期，实施三孩政策及配套支持措施，能够最大限度发挥人口对经济社会发展的能动作用，为全面建成社会主义现代化强国创造良好的人口环境。 要让三孩政策发挥作用，提高生育率，还有很多具体工作要做。建议出台相应的配套支持政策，构建生育友好型社会。 第一，要尽快完善社会保障体系，为年轻人托底。国家应大力推进社会保障体系建设，完善医疗、养老等保障制度，加快保障房供应，发放教育补贴，发展普惠托育服务体系，大力提升入托率，解决“孩子谁来带”的问题，推进教育公平与优质教育资源供给，为年轻人减轻育儿经济负担，使年轻人无后顾之忧，激发年轻人的生育欲望。 第二，消除就业歧视，排除生育养育的后顾之忧，保障女性平等就业权。我国职场上普遍存在对适龄生育女性的歧视，导致女性就业面临重重隐性阻碍。全面两孩政策实施后，很多家庭想生不敢生。要全力落实就业公平政策，坚决纠正就业歧视行为，大力保障女性平等就业权益，为适龄生育女性“撑腰”。鼓励企业为职工提供优厚养育福利，提供女性友好的工作环境，对怀孕和哺乳期的员工提倡在家办公等。对二孩和多孩的职工，可发放现金补贴，减免社保缴费和个人所得税。 第三，构建大健康体系，做生育政策的“后盾”。生育政策的放宽与优生优育并不相悖，在推动三孩政策落实之际，更要做好生育健康保障。各级卫生健康部门应积极作为，向大众提供性与生殖健康教育和服务，组织开展优生优育指导、生殖健康咨询和家庭计划服务促进活动和健康老龄化促进活动等。加大生育健康科技研发力度，为生育提供技术支持，降低不孕不育率，大力推广人工辅助生殖服务，提高全民养育水平。 第四，大力倡导优良婚俗，提升全民婚育信心。当前我国一些地区婚嫁陋习问题层出不穷，攀比之风盛行，导致结婚成本过高。有关部门应将婚嫁、生育、养育、教育一体考虑，大力解决现代社会婚育的难点、痛点。加强适婚青年婚恋观、家庭观教育引导，加强文明婚育宣传工作，全力推进移风易俗，遏制天价彩礼、奢靡婚宴等不良习俗风气，治理不良社会风气，倡导婚事简办的文明礼仪。同时，宣传优生优育理念，普及生育优惠福利，提高优生优育服务水平。积极应对生育水平持续走低的风险，真正提升全民婚育信心，促进人口长期均衡发展。 （作者：李轶楠，系辽宁大学中国特色社会主义理论体系研究中心研究员）
